,Hash,String
0,DC02000000000000,Anti-Radar
1,4203000000000000,C1A1 SLR
2,4303000000000000,C2A1
3,9A03000000000000,Type 64 LMG
4,4405000000000000,K3 LMG
5,4505000000000000,K4
6,C705000000000000,M6
7,0B06000000000000,NA
8,4607000000000000,S-5M
9,4907000000000000,S-8OFP
10,A007000000000000,TV guidance
11,D560000000000000,SPW-152K
12,C4A5000000000000,9M3
13,B2AC000000000000,9mm PB
14,D7B2000000000000,AAM
15,44B4000000000000,AG-3
16,57B4000000000000,AGM
17,8DB6000000000000,Armored Personnel Carrier
18,57B7000000000000,Anti-Ship Missile
19,85B7000000000000,AT4
20,05BC000000000000,AK4
21,06BC000000000000,AK5
22,DCC2000000000000,Kg m/37
23,C3E0000000000000,D-22
24,45E1000000000000,D44
25,46E1000000000000,D-45
26,4AE1000000000000,D-49
27,01E2000000000000,D-70
28,57F3000000000000,Electronic Warfare
29,8700010000000000,F-16A FIGHTING FALCON
30,5A05010000000000,FKP
31,4C06010000000000,FOB
32,5507010000000000,FSK
33,CB12010000000000,Ground Attack Aircraft
34,0925010000000000,HJ-8
35,0A25010000000000,HJ-9
36,D125010000000000,HMG
37,C826010000000000,HQ-7
38,2034010000000000,Infantry Fighting Vehicle
39,EB3C010000000000,Rifle Squad
40,0B53010000000000,KBA 25
41,4C53010000000000,KCB
42,8F53010000000000,KDE 35
43,8760010000000000,L16A2
44,C960010000000000,L28
45,0161010000000000,L30
46,C361010000000000,L/62
47,4762010000000000,L86 LMG
48,E162010000000000,LAW
49,D165010000000000,LMG
50,8367010000000000,LT-2
51,C770010000000000,M26
52,CA70010000000000,M29
53,0371010000000000,M32
54,0871010000000000,M37
55,4171010000000000,M40
56,4271010000000000,M41A1 #reco1
57,C271010000000000,M61A1 Vulcan
58,0172010000000000,M70
59,0672010000000000,M75
60,E172010000000000,MAW
61,1E73010000000000,Main Battle Tank
62,C374010000000000,Mi-2 #reco2
63,C574010000000000,Mi-4
64,CA74010000000000,Mi-8R #reco3
65,D175010000000000,MMG
66,877B010000000000,Mi-6
67,0881010000000000,N-37
68,269E010000000000,MOSKIT
69,57A5010000000000,PKM
70,83A5010000000000,PL-2
71,86A5010000000000,PL-5
72,88A5010000000000,PL-7
73,89A5010000000000,PL-8
74,42B8010000000000,QW-1
75,43B8010000000000,QW-2
76,08C1010000000000,R-37 Vympel
77,41C1010000000000,R-40R Vympel
78,C1C1010000000000,R-60 Molniya
79,04C2010000000000,R-73A Vympel
80,08C2010000000000,R-77 Vympel
81,8EC6010000000000,RPD
82,C5D0010000000000,S-24B
83,84D1010000000000,S-53
84,C9D1010000000000,S-68A
85,D7D2010000000000,SAM
86,DDD2010000000000,SAS
87,E1D2010000000000,SAW
88,1DD3010000000000,SBS  #reco2
89,03D4010000000000,SF2
90,D1D5010000000000,SMG
91,57D7010000000000,SSM
92,C2E0010000000000,T21 Tarasnice
93,86E1010000000000,T-55 #reco1
94,C3E1010000000000,T-62
95,03E2010000000000,T-72
96,41E2010000000000,T-80
97,EEFF010000000000,MP2A1
98,CC02020000000000,VAB
99,A003020000000000,VDV
100,C425020000000000,FFAR
101,0235020000000000,C-802
102,0835020000000000,YJ-7
103,0935020000000000,YJ-8K
104,DC92020000000000,Anti-Radiation missiles are dedicated anti-air defense missiles
105,B25C080000000000,14
106,C160080000000000,WIP
107,03140C0000000000,F2
108,B21C0C0000000000,20mm
109,B24C0C0000000000,23mm
110,B26C0C0000000000,25mm
111,B28C0C0000000000,27mm
112,89B00C0000000000,2A18
113,C1B00C0000000000,2A20
114,C7B00C0000000000,2A26
115,45B10C0000000000,2A44
116,47B10C0000000000,2A46
117,82B10C0000000000,2A51 Nona
118,C1B10C0000000000,2A60 Nona
119,C3B10C0000000000,2A62
120,C5B10C0000000000,2A64
121,01B20C0000000000,2A70
122,03B20C0000000000,2A72
123,17710D0000000000,Dual Type 2M-3M
124,D7C00D0000000000,2R2M
125,B21C100000000000,30mm
126,B26C100000000000,35mm
127,B28C100000000000,37mm
128,8652110000000000,3K95 Kinzhal
129,B21C140000000000,40mm
130,B26C140000000000,45mm
131,B21C180000000000,50mm
132,1536180000000000,BTR-152
133,4E40180000000000,Super 530 D
134,5040180000000000,Super 530 F
135,B26C180000000000,55mm
136,B28C180000000000,57mm
137,B29C180000000000,58mm
138,B21C1C0000000000,60mm
139,B27C1C0000000000,66mm
140,B28C1C0000000000,67mm
141,9C971C0000000000,68TR
142,B29C1C0000000000,68mm
143,B21C200000000000,70mm
144,B23C200000000000,72mm
145,B24C200000000000,73mm
146,B26C200000000000,75mm
147,8675200000000000,L5A1
148,B27C200000000000,76mm
149,B21C240000000000,80mm
150,B22C240000000000,81mm
151,B23C240000000000,82mm
152,B24C240000000000,83mm
153,B25C240000000000,84mm
154,B26C240000000000,85mm
155,B2AC240000000000,89mm
156,0214280000000000,F1
157,0414280000000000,F3
158,0514280000000000,F4
159,B21C280000000000,90mm
160,B24C280000000000,93mm
161,B26C280000000000,95mm
162,8270290000000000,Falanga
163,8570290000000000,Malyutka
164,0471290000000000,9M33
165,0971290000000000,9M38
166,C2B52C0000000000,AAM-1
167,C5352D0000000000,AIM-4D Falcon
168,48512D0000000000,AKM
169,0A712D0000000000,AM-39 Exocet
170,5D762D0000000000,AMOS
171,05D12D0000000000,AS.34 Kormoran
172,57E42D0000000000,ATGM
173,578B2F0000000000,Anti-Ship Missile Launcher
174,1621300000000000,S-13
175,8152310000000000,BK 90/L40
176,8570310000000000,M-14-OF
177,C870310000000000,9M27F
178,8273310000000000,BMD-1
179,8473310000000000,BMD-3
180,8276310000000000,BMP-1
181,8376310000000000,BMP-2
182,8476310000000000,BMP-3
183,9E76310000000000,BMPT
184,C2C5310000000000,BRM-1K #reco3
185,0EE7310000000000,BTR-D
186,8206320000000000,BVP-1
187,8306320000000000,BVP-2
188,8216320000000000,BWP-1
189,8316320000000000,BWP-2
190,A74C330000000000,HE Bomb
191,4390340000000000,YJ-82
192,8900350000000000,CF-18 HORNET
193,4721350000000000,HKP 4C
194,8421350000000000,CH-53
195,5D38350000000000,CIWS
196,08C8350000000000,M151 CRV7
197,5E20380000000000,D-10T
198,DE61380000000000,D-56T
199,C6A0380000000000,D/925
200,9CF6380000000000,DEPRECATED
201,9D973D0000000000,EOTS I-Hawk
202,E2C83D0000000000,Eryx
203,C342440000000000,H&K G3A2
204,C542440000000000,H&K G3KA4
205,57C6450000000000,PPZR GROM
206,C4D0450000000000,Gsh-23L
207,896E460000000000,GAU-8/A Avenger
208,0442490000000000,HJ-73
209,4B42490000000000,HJ-8A
210,4C42490000000000,HJ-8B
211,8B81490000000000,HN-5A
212,8C81490000000000,HN-5B
213,8D81490000000000,HN-5C
214,C2B1490000000000,HQ-61A
215,306F4A0000000000,MIM-23A Hawk
216,66CC4E0000000000,Igla
217,1721540000000000,R-13M
218,8161560000000000,Ka-50 AKULA
219,C4D0560000000000,Kh-23
220,C6D0560000000000,Kh-25ML
221,C9D0560000000000,Kh-28
222,06D1560000000000,Kh-35
223,89D1560000000000,Kh-58
224,C7D1560000000000,Kh-66
225,AC79570000000000,Krag-Jørgensen
226,4C80580000000000,L70B
227,1DB7580000000000,LARS
228,17B8580000000000,LAV-M
229,C9D5580000000000,LCM 8
230,CDC2590000000000,LRAC F1
231,9CD7590000000000,LStR-40
232,49205C0000000000,M10-8
233,4A205C0000000000,M109 R.C.H.A.
234,88205C0000000000,M117
235,C2205C0000000000,M30
236,03215C0000000000,M132 ZIPPO
237,06215C0000000000,M135
238,01315C0000000000,M230
239,4A315C0000000000,M249 SAW
240,C2325C0000000000,M2A1
241,0E525C0000000000,Akan m/47D
242,08625C0000000000,#command M577 CPC
243,C2705C0000000000,M621
244,1DB75C0000000000,MARS
245,88305D0000000000,Mi-8MTV
246,C6305D0000000000,Mi-25
247,C7305D0000000000,Mi-26
248,DE305D0000000000,Mi-2T
249,06315D0000000000,Mi-35
250,4B315D0000000000,Mi-4A
251,5E325D0000000000,Mi-8 ZAOP.
252,1D675D0000000000,Multiple Rocket Launcher Vehicle
253,41715D0000000000,MM-40 Exocet
254,0B935D0000000000,MOBA
255,8CE55D0000000000,MT-LBV
256,8A005F0000000000,Mk19
257,E6AC5F0000000000,MUNA
258,D292610000000000,NOAH
259,C4C0610000000000,NR-23
260,01C1610000000000,NR-30
261,C4D0610000000000,NS-23
262,C6E1650000000000,OT-65 #reco1
263,4A02690000000000,PF-89
264,8260690000000000,PL-11
265,C471690000000000,PM-63
266,52A7690000000000,Type 49
267,42D4690000000000,H&K PSG1
268,02E2690000000000,PT-71 #reco2
269,46E2690000000000,PT-85 #reco2
270,81E2690000000000,PT-90
271,41126A0000000000,PW-80
272,04F46B0000000000,PzF 3
273,1C31700000000000,R-23R Vympel
274,5C31700000000000,R-24R Vympel
275,1C32700000000000,R-27R Vympel
276,1E32700000000000,R-27T Vympel
277,0F41700000000000,R-33E Vympel
278,5E50700000000000,R-40T Vympel
279,0161700000000000,R.530
280,5770700000000000,R-60M Molniya
281,46C0700000000000,Rb 05A
282,C5C0700000000000,Rb 24J
283,C9C0700000000000,Rb 28 Falcon
284,02C2700000000000,Rb 71
285,05C2700000000000,Rb 74
286,06C2700000000000,Rb 75
287,E635710000000000,RIMa
288,43A4710000000000,RPG-2
289,48A4710000000000,RPG-7
290,92B5740000000000,SALH
291,05B6740000000000,9K33M OSA-M
292,06B6740000000000,Strela-2M
293,CEF2740000000000,SEAD
294,E172750000000000,SMAW
295,4AA4750000000000,SPG-9
296,D7C0750000000000,#command TOPAS R-2M
297,82D0750000000000,SS-11
298,0CA2770000000000,Su-7B
299,8B61780000000000,T-55A
300,9661780000000000,T-55L
301,0362780000000000,T57-2
302,4B71780000000000,T-64A
303,4C71780000000000,T-64B
304,CB80780000000000,T-72A
305,CC80780000000000,T-72B
306,4B90780000000000,T-80A
307,4C90780000000000,T-80B
308,5F90780000000000,T-80U
309,8490780000000000,V-LKV T813
310,8691790000000000,TO-55
311,C391790000000000,TO-62
312,81327A0000000000,TY-90
313,9D677C0000000000,U-5TS
314,8B207D0000000000,#command UH-1A ACP
315,4170800000000000,V-600P
316,0151810000000000,VK-30
317,0671890000000000,XM-35
318,4437910000000000,ZIS-3
319,C4F0910000000000,ZU-23-2
320,D7B2A40000000000,Air-to-Air Missiles are used by planes during air combat against other planes. Some can be used against helicopters
321,57B4A40000000000,Air-to-Ground Missiles are anti-tank missile fired by planes against armored target. They can only be used against ground targets.
322,D125A50000000000,Heavy Machine-Guns are firing more powerful ammunitions than MMG. The Soviet 14
323,E162A50000000000,Light anti-tank weapons are modern bazookas
324,D165A50000000000,Light-Machine Guns are carried by infantry squads and provide them not only with extra firepower
325,D175A50000000000,Medium-Machine Guns are mounted on vehicles and provide them not only with extra firepower
326,D7D2A50000000000,Surface-to-Air Missiles are medium to long range weapons dedicated to engage aerial targets. They are ineffective against ground ones.
327,E1D2A50000000000,Squad Automatic Weapons are lighter LMGs carried by dedicated assault squads and providing them not only with extra firepower
328,D1D5A50000000000,Ranging from obsolete WW2 leftovers to the most modern special forces weapons
329,57D7A50000000000,Anti-ship missile designed to engage capital ships and one of the few weapons able to deal significant damage to them
330,AC79AF0000000000,Frag
331,6AEAEE0000000000,vide
332,84F1EF0000000000,PLDvK vz. 53/59
333,8AF1EF0000000000,BZK vz.59A
334,B21C040200000000,100mm
335,B24C040200000000,103mm
336,B26C040200000000,105mm
337,B27C040200000000,106mm
338,B28C040200000000,107mm
339,B21C080200000000,110mm
340,B25C080200000000,114mm
341,B26C080200000000,115mm
342,B21C0C0200000000,120mm
343,B23C0C0200000000,122mm
344,B26C0C0200000000,125mm
345,B28C0C0200000000,127mm
346,B21C100200000000,130mm
347,B26C100200000000,135mm
348,B21C140200000000,140mm
349,B23C180200000000,152mm
350,4A65180200000000,CN98
351,B26C180200000000,155mm
352,B26C1C0200000000,165mm
353,B21C200200000000,170mm
354,B26C200200000000,175mm
355,2C4C240200000000,183kg
356,0442490200000000,BRDM-1 HJ-73
357,B24C040300000000,203mm
358,775A070300000000,QF 20-pdr
359,B21C0C0300000000,220mm
360,2C8C0C0300000000,227kg
361,B28C0C0300000000,227mm
362,B21C140300000000,240mm
363,2C6C140300000000,245kg
364,2C1C180300000000,250kg
365,B21C240300000000,280mm
366,57422C0300000000,Twin 2A38M
367,D7512C0300000000,2A46M
368,42522C0300000000,2A48-1
369,C4D0450300000000,Twin Gsh-23
370,C4C0610300000000,Twin NR-23
371,B21C040400000000,300mm
372,2C1C140400000000,340kg
373,C4E1210400000000,T63
374,C4C0610400000000,Triple NR-23
375,01C1610400000000,Triple NR-30
376,2C1C040500000000,400kg
377,2C1C180500000000,450kg
378,2C1C040600000000,500kg
379,CAE1210600000000,T69
380,9DC4680600000000,Bo 105P/BSH
381,B21C080700000000,610mm
382,B26C940700000000,6
383,B26C940800000000,7
384,B28C940800000000,7
385,4271050A00000000,M41
386,2C6C0C0A00000000,925kg
387,8620540A00000000,Metys
388,C220540A00000000,9K121 Vikhr
389,0141540A00000000,9K330
390,82205C0A00000000,Fagot
391,83205C0A00000000,Kobra
392,84205C0A00000000,Konkurs
393,85205C0A00000000,Kokon
394,88205C0A00000000,Bastion
395,89205C0A00000000,Sheksna
396,8A205C0A00000000,Svir
397,C1205C0A00000000,Ataka V
398,C9205C0A00000000,Agona
399,57215C0A00000000,Malyutka-M
400,5A215C0A00000000,Malyutka-P
401,1A225C0A00000000,Fleyta
402,88305C0A00000000,9M217
403,82405C0A00000000,9M311
404,07415C0A00000000,3M9
405,C3455C0A00000000,9M33M2
406,9DB7380B00000000,M113 ADATS
407,04043A0B00000000,TORNADO F.3
408,8370450B00000000,AGM-12C Bullpup
409,4671450B00000000,AGM-45B Shrike
410,0972450B00000000,AGM-78D Standard
411,4572450B00000000,AGM-84 Harpoon
412,4972450B00000000,AGM-88 HARM
413,88D0450B00000000,AGS-17
414,85714D0B00000000,AIM-54 Phoenix
415,0F724D0B00000000,AIM-7E Sparrow
416,10724D0B00000000,AIM-7F Sparrow
417,17724D0B00000000,AIM-7M Sparrow
418,8C724D0B00000000,AIM-9B
419,90724D0B00000000,AIM-9F
420,94724D0B00000000,AIM-9J
421,96724D0B00000000,AIM-9L
422,97724D0B00000000,AIM-9M
423,C921500B00000000,AJ 168
424,0722540B00000000,AK-176
425,0131540B00000000,AK230 CIWS
426,0171540B00000000,AK630 CIWS
427,17B7580B00000000,ALARM
428,C1615D0B00000000,AML 60
429,81625D0B00000000,AML 90 #reco1
430,03215E0B00000000,AMX-32
431,41215E0B00000000,AMX-40
432,88D1710B00000000,ARS-57
433,5640740B00000000,AS30L
434,4341740B00000000,AS.34 Kormoran 2
435,1C42740B00000000,AS-37 Martel AR
436,46F2750B00000000,ASU-85M
437,B109760B00000000,AS VAL
438,DE20780B00000000,AT12T
439,C4A0910B00000000,AZP-23 Amur
440,B027DF0B00000000,Command Tank
441,57A0540C00000000,BK90 Mjölner
442,8681580C00000000,BL-755
443,C711590C00000000,BLG-66 Beluga
444,57315C0C00000000,BM-24M
445,95E05C0C00000000,#command BMD-1K
446,8EA05D0C00000000,BMP-1D
447,95A05D0C00000000,#command BMP-1K
448,9AA05D0C00000000,BMP-1P
449,CEA05D0C00000000,BMP-2D
450,43025F0C00000000,Mk 82
451,44025F0C00000000,Mk 83
452,45025F0C00000000,Mk 84
453,C2E5700C00000000,BRDM-1 #reco1
454,C3E5700C00000000,BRDM-2 #reco1
455,9570710C00000000,BWR-1D #reco3
456,41C1790C00000000,BTR-40 #reco1
457,01C2790C00000000,BTR-70
458,41C2790C00000000,BTR-80
459,95A0810C00000000,#command BVP-1K
460,9AA0810C00000000,BVP-1P
461,CEA0850C00000000,BWP-2D
462,4C06990C00000000,Logisitic support vessel
463,2A7B9B0C00000000,Landing Craft Mechanized
464,D1D5090D00000000,C1 SMG
465,D1721D0D00000000,C6
466,9C10200D00000000,YJ-7R
467,86C02D0D00000000,CAR-15
468,8920480D00000000,CH-118
469,0621480D00000000,CH-135
470,0721480D00000000,CH-136 #reco2
471,4821480D00000000,CH-147 CARGO
472,99C32D0E00000000,DARDO CIWS
473,CDE2610F00000000,ENTAC
474,01A1CA0F00000000,Dual Emerlec 30
475,9120081000000000,F111G
476,DA42091000000000,F-1
477,8621481000000000,FH155
478,4542491000000000,FHJ-84
479,D172611000000000,L7A1
480,0351801000000000,FV432
481,39CD9A1000000000,PT?S FAGOT
482,AA6CC61000000000,Flamethrower
483,9523141100000000,m/85
484,81F0311100000000,GBU-27/B Paveway III
485,83F0311100000000,GBU-12 Paveway II
486,C8F0311100000000,GBU-27 Paveway III
487,C440761100000000,GSz-23
488,83A09B1100000000,GAU-12/A Equalizer
489,DEA2DE1100000000,Grenade AT
490,02A4DE1100000000,F1
491,0672ED1100000000,Gv M75
492,15561A1200000000,B-5
493,9E773D1200000000,HEMTT
494,0C81501200000000,HJ-73B
495,42E9651200000000,HOT 1
496,43E9651200000000,HOT 2
497,C190741200000000,HS.820
498,94E09B1200000000,Hai Ying-1J
499,0D51C31200000000,HKP 3C
500,4B51C31200000000,HKP 4A
501,CB51C31200000000,HKP 6A #reco2
502,A6BAD31200000000,Hovea m/49
503,8219B31300000000,Igla-1
504,A019B31300000000,Igla-V
505,306FB61300000000,MIM-23B I-Hawk
506,82B2C31300000000,IKV 91
507,CBB2CE1300000000,Anti-Aircraft Team
508,DEB2CE1300000000,Anti-Tank Team
509,B79ACF1300000000,Interceptor
510,B7B9CF1300000000,Invar
511,15C60C1400000000,F-5B
512,B7CA9A1400000000,JÄGER
513,B1BA9B1400000000,Javelin
514,55C6091500000000,K1
515,1617101500000000,K30
516,15461C1500000000,ZSD-531A
517,87315C1500000000,KM256
518,01426A1500000000,KPz 70 KEILER
519,1731B41500000000,Kh-23M
520,8E32B41500000000,Kh-29D
521,9632B41500000000,Kh-29L
522,9E32B41500000000,Kh-29T
523,8B40B41500000000,Kh-31A
524,9A40B41500000000,Kh-58U
525,381DD31500000000,T813 KOLOS
526,B729D31500000000,KOMAR
527,343BD31500000000,#command KONGO
528,39EED61500000000,Kpist m/45B
529,5DA0EC1500000000,Kv-90S73
530,C242081600000000,L13A1
531,C252101600000000,L34A1
532,43C72D1600000000,LARS-2
533,C6002E1600000000,LAV-25 FSV
534,41122E1600000000,LAW 80
535,85A1411600000000,LFP 54
536,8191691600000000,LPO-50
537,88E6811600000000,LVTP-7
538,9112081700000000,SKH M/109G
539,8B100C1700000000,M201A
540,50260C1700000000,M-21OF
541,C3A2101700000000,Twin M39A2
542,1C17141700000000,M40 RR
543,9523141700000000,M41 DK1 #reco1
544,7577181700000000,Sprangraket m/56
545,1182181700000000,#command M577G
546,C4131C1700000000,M60E3
547,C532201700000000,M72A4 LAW
548,55C6251700000000,M8 PANSERBIL #reco1
549,4AE12D1700000000,MAT 49
550,01E2311700000000,MBT-70
551,4160341700000000,MC / GP Mk.10
552,5D66351700000000,MCLOS
553,5031381700000000,MD24-F
554,C381441700000000,Machine Gun 7.62
555,4B314C1700000000,Mi-24A
556,4E314C1700000000,Mi-24D
557,5A314C1700000000,Mi-24P
558,61314C1700000000,Mi-24W
559,15364C1700000000,Mi-2 #reco2
560,34374C1700000000,Mi-2Ro #reco3
561,DD374C1700000000,Mi-2 US
562,E0524C1700000000,Mi-4AV
563,15564C1700000000,Mi-4
564,15964C1700000000,Mi-8
565,A0974C1700000000,Mi-8T
566,D8624D1700000000,MILAN F1
567,4E67681700000000,MP5SD
568,5735691700000000,Mpi-KM
569,B89FAB1700000000,STRZELCY PODHALA?SCY
570,C8C0BA1700000000,MiG-27
571,81A1C61700000000,Mk 61
572,A75E551800000000,Deprec! 2K12 KUB
573,87205C1800000000,NM116 #reco2
574,06215C1800000000,NM135
575,43215C1800000000,NM142
576,86225C1800000000,NM195
577,C351791800000000,62 Shiki
578,B3FB9A1800000000,#command NAJIN
579,D5B2741900000000,OSA-AK
580,8190781900000000,OT-810D
581,0792791900000000,OTO Melara
582,C170AB1900000000,Oerlikon 20
583,4942461A00000000,PGZ-88
584,0B41501A00000000,Dual PJ-33A
585,C6B0581A00000000,ZPT 90
586,CC81781A00000000,PT-76B #reco1
587,306FB61A00000000,MIM-23B I-Hawk PIP II
588,4501FD1A00000000,PzF 44
589,02870C1C00000000,R-27R1 Vympel
590,5760181C00000000,R.550 Magic
591,C245201C00000000,R-73M1 Vympel
592,87D1311C00000000,RBS 56
593,01D2311C00000000,RBS 70
594,81D2311C00000000,RBS 90
595,C771451C00000000,RGM-66D
596,4572451C00000000,RGM-84 Harpoon
597,17724D1C00000000,RIM-7M Sea Sparrow
598,0702651C00000000,L23A1
599,8710691C00000000,RPG-16D
600,8910691C00000000,RPG-18
601,C310691C00000000,RPG-22
602,C710691C00000000,RPG-26
603,CA10691C00000000,RPG-29 Vampyr
604,0612691C00000000,RPG-75
605,2012691C00000000,RPG-7V
606,4851691C00000000,RPK
607,0552691C00000000,RPK-74
608,DD37741C00000000,R-55
609,B7999A1C00000000,Radar
610,338DAA1C00000000,recon
611,4460B41C00000000,Rh-503
612,6ABCBA1C00000000,Battle Rifle
613,C651351D00000000,Newnanbu M66
614,4361441D00000000,SG-542
615,4461441D00000000,SG-543
616,8297551D00000000,#command SKOT R-3
617,8397551D00000000,SKOT-2
618,DC255C1D00000000,SM1 MR block V
619,DC355C1D00000000,SM2 MR block II
620,8E12691D00000000,SPG-9D
621,C1116A1D00000000,#command SPW-60(S)
622,01126A1D00000000,SPW-70
623,41126A1D00000000,SPW-80
624,8131881D00000000,SX250
625,B75A9B1D00000000,ŽENISTÉ
626,B94EA31D00000000,PR?ZKUMNÍCI #reco2
627,B12AB71D00000000,SHMEL
628,B15AD31D00000000,SOPEL
629,F24DE71D00000000,STORMER
630,1532E81D00000000,Su-27K
631,1556101E00000000,T-34/85
632,D762181E00000000,T-55AM
633,64331C1E00000000,T-62cz
634,C2351C1E00000000,T-62M
635,E0351C1E00000000,T-62MV-1
636,15361C1E00000000,T-62D
637,16471C1E00000000,T63
638,17531C1E00000000,T-64BM
639,20531C1E00000000,T-64BV
640,0233201E00000000,T-72B1
641,C235201E00000000,T-72M1 JAGUAR
642,1667201E00000000,T75
643,2013241E00000000,T-80BV
644,DDA2651E00000000,TOPAS
645,81819A1E00000000,C15 LRSW
646,F45DA71E00000000,Tank Destroyer Prototype
647,8470B21E00000000,TGB 13
648,8DC62C2000000000,#command VAB PC
649,1C64312000000000,VBL #reco2
650,8261902100000000,WZ-551
651,D590502300000000,YJ-82K
652,93D4182400000000,Z-5
653,93D4282400000000,Z-9A
654,4160302400000000,ZB500
655,8302592400000000,WZ-550
656,C3E7692400000000,ZPTU-2
657,C5E7692400000000,ZPTU-4
658,745DBB2400000000,MONITOR ZIPPO
659,C374FD2800000000,Mi-2 #reco2
660,86E1FD2800000000,T-55 #reco1
661,03E2FD2800000000,T-72
662,57E42D2900000000,Anti-Tank Guided Missiles are dedicated anti-tank weapons
663,A74C332900000000,Bombs are dropped by planes on ground targets. Using only gravity as a mean of projection
664,5D38352900000000,Close-in weapon systems are designed to provide anti-missile point-defense. They quickly fire and destroy incoming missiles.
665,2D6EC62B00000000,Flashbang
666,2C1C048100000000,1000kg
667,44C7048100000000,BS-3
668,AF89058100000000,100 gun
669,8AE1058100000000,T69-II
670,44E2198100000000,T83
671,46E2198300000000,PLA 125
672,4672218300000000,M85
673,B28C948300000000,12
674,4771058400000000,M-46
675,B26C948500000000,14
676,47710D8600000000,M-46
677,0261198600000000,L31
678,5DE605C300000000,MO.1.01.04
679,0A29CBC400000000,23mm Z-9
680,C3750CCB00000000,2A26M2
681,C29510CB00000000,2A38M
682,013114CB00000000,2A42
683,2C1C040101000000,3000kg
684,C725CB0801000000,M6
685,B24C206501000000,4
686,B26C14A501000000,5
687,B27C18A501000000,5
688,83B12C0602000000,AA-52
689,81B1740602000000,SA.50
690,C1710D0702000000,M60
691,44740D0702000000,MG3
692,02840D0702000000,NF-1
693,57A50D0702000000,PKT
694,C3225C0702000000,M1A2
695,05015F0702000000,Mk34
696,B23C940702000000,76
697,B23C1C2502000000,7
698,8DB6044202000000,OT-810
699,C425CB8102000000,M3
700,9721089502000000,Metys-M
701,9720089702000000,Faktoriya
702,1721089702000000,Konkurs-M
703,5721089702000000,Kokon-M
704,1722089702000000,Arkan
705,9722089702000000,Refleks
706,9720109702000000,9M311M
707,C345109702000000,9M33M3
708,C295109702000000,9M38M1
709,4665189702000000,9M55K
710,57E72DCE02000000,ADATS
711,01813DCE02000000,ADEN 30
712,8A205CD102000000,Penguin
713,C3205CD102000000,AGM-122 Sidearm
714,8C715CD102000000,AGM-65B Maverick
715,8D715CD102000000,AGM-65C Maverick
716,8E715CD102000000,AGM-65D Maverick
717,8F715CD102000000,AGM-65E Maverick
718,90715CD102000000,AGM-65F Maverick
719,91715CD102000000,AGM-65G Maverick
720,DD4709D202000000,AH-1J COBRA  #reco1
721,5F5720D502000000,AKS-74U
722,5A2088D702000000,AMX-10P
723,4C4088D702000000,AMX-30
724,DD624DDA02000000,APILAS
725,9E6708DD02000000,AS.15TT
726,0DB858DD02000000,#command ASLAV-C
727,97917CDD02000000,ASU-85M
728,DDD52CDE02000000,M39
729,D7D245DE02000000,Dual purpose missile
730,413064DE02000000,ATO-200
731,412074DE02000000,ATS-103
732,38EECAE602000000,Anti-Aircraft Missile
733,304ADFE602000000,Jaktraket m/57
734,B5DEDDEE02000000,Air Superiority fighter
735,06329BF002000000,Akan m/75
736,A9DCC8F702000000,Command Armor
737,A9DDE1F802000000,Assault Squad
738,57D7590B03000000,BAL
739,15260C1703000000,BM-21
740,15560C1703000000,BM-24
741,1526681703000000,KORSHUN
742,DF70391C03000000,#command BRDM-2U
743,4B50701E03000000,BTR-40A  #reco1
744,4C50701E03000000,SPW-40 #reco1
745,5580701E03000000,#command BTR-70K
746,C120542103000000,BWK120
747,8B309B3003000000,BKAN 1A
748,8D309B3003000000,BKAN 1C
749,8535AB3703000000,Bren L4
750,01D1E23A03000000,Bushmaster II
751,42B84D5203000000,QW-1
752,86E1395703000000,#command T-55AD-1
753,03E2395703000000,#command T-72K1
754,DE025E5903000000,COMVAT
755,DE82805C03000000,WDU-5002/B CRV7
756,DE72E96D03000000,Chu-MAT
757,A9DDC97403000000,Command Squad
758,D7D2D17703000000,Crotale
759,C320048403000000,D-30
760,01B1408F03000000,DEFA 550
761,58162D9C03000000,M47 Dragon
762,33CD9AB703000000,DRAGONER
763,A9A9DBB803000000,#command VELITELSKÝ ŠTÁB
764,81C280DA03000000,EPBV 90  #reco3
765,4271D5F803000000,Eldspruta m/41
766,0BC4410504000000,F-4F KWS
767,55C62D0604000000,F-5A
768,8131300B04000000,FAB 250
769,4160300B04000000,FAB 500
770,D740142004000000,FV432(M)
771,8621784D04000000,GCT F1
772,01E12D5304000000,GIAT 30
773,4240485D04000000,GSh-301
774,4340485D04000000,GSh-2-30
775,4740485D04000000,GSh-6-30
776,5540485D04000000,GSh-30k
777,C470485D04000000,GSh-6-23
778,8822E46604000000,M197 Vulcan
779,E96DD66A04000000,FLAKPZ. GEPARD
780,C111A97704000000,G60
781,C271A97704000000,M61
782,C871A97704000000,M67
783,4572A97704000000,M84
784,4475A97704000000,MK3
785,58C4A97704000000,RGN
786,59C4A97704000000,RGO
787,CFD2A97704000000,SAE-210
788,5639AB7704000000,Grenade Launcher
789,BB99E37A04000000,Carl Gustav M2
790,93D4209B04000000,HQ-7
791,0291749D04000000,HSS.831
792,B91ACBA604000000,Hamlet
793,6A6EFAA604000000,#command HAYATE
794,4A71F1B404000000,M-49
795,868158CC04000000,IBL-755
796,9760C6EC04000000,Igla-N
797,4420ECF004000000,IKV 103
798,4620ECF004000000,IKV 105
799,B3099BFB04000000,Twin Ivakan m/36
800,93D4340805000000,J-7C
801,93D4480805000000,J-7H
802,4620841D05000000,JSW 105
803,8621841D05000000,JSW 155
804,B7CAAA2605000000,JÆGERE #reco2
805,DE72D52605000000,MAT
806,D665ED2605000000,Javelin LML
807,DE72F93A05000000,Jyu-MAT
808,57B5544C05000000,kbk AKM
809,C2921C5705000000,KM68A1
810,86E1915A05000000,SpPz T-55 #reco1
811,89216B5D05000000,Ksp m/58
812,8CA70C6605000000,Ka-29TB
813,D6650C6D05000000,Kh-25MPU
814,DA650C6D05000000,Kh-25MPU
815,03E2FD7505000000,KPz T-72
816,8192E37A05000000,KUSTJÄGARE '90
817,DA42E97E05000000,#command MITSUBISHI CV
818,D5B2388B05000000,LADA AK
819,45A1449705000000,LMG 944
820,04D22C9C05000000,LRAC 73
821,B38ACFA605000000,A 32A LANSEN
822,33EDB2AA05000000,LEGION
823,4474B9AA05000000,l.MG3
824,81B2C3BB05000000,LVKV 90
825,C1D0CFBE05000000,Twin M621
826,95D3CFBE05000000,LYNX
827,C27204C205000000,PzMrs M113
828,C37204C205000000,M106A2
829,C3A204C205000000,M109A2
830,C4A204C205000000,SKH M/109A3
831,0B1708C205000000,M110 R.A.
832,C34208C205000000,M113A1
833,C44208C205000000,M113A3
834,C25208C205000000,#command M114A1
835,C35208C205000000,M114A2 #reco1
836,C2620CC205000000,M125A1
837,55C625C205000000,M18
838,C22204C305000000,M201A1
839,8D2604C305000000,M201 #reco2
840,BFC904C305000000,M20A1 Super Bazooka
841,191620C305000000,M270
842,55C61DC405000000,M36
843,8DB004C505000000,M40A1C RR
844,DA4209C505000000,M41A1
845,C22218C605000000,M551A1 SHERIDAN
846,55C619C605000000,SEUNG-GONG-PO
847,56C321C705000000,M67 RR
848,024428C705000000,M693 F1
849,E1620DC805000000,M72 LAW
850,B3890AC905000000,M81
851,CEA261CB05000000,MANPAD
852,571018CE05000000,CAYUSE #reco2
853,648308D305000000,Mi-17
854,15560CD305000000,Mi-25
855,1A580CD305000000,Mi-24VP
856,15E60CD305000000,#command MI-2D
857,55670DD305000000,AHS Mi-2 #reco2
858,1DF70DD305000000,Mi-2 URS
859,93D424D305000000,Mi-8T
860,15E825D305000000,Mi-8TV
861,D7B334D305000000,MICA EM
862,DCB434D305000000,MICA IR
863,03B658D305000000,MILAN F2
864,45205CD305000000,MIM-104C
865,CB805CD305000000,MIM-72A
866,D0805CD305000000,MIM-72F
867,D1805CD305000000,MIM-72G
868,492034DC05000000,#command M151A1 CP
869,17C858DE05000000,MTP-LB
870,965608EE05000000,Mi-14PL
871,93D408EE05000000,Mi-1  #reco2
872,93D41CEE05000000,Mi-6
873,56A61DEE05000000,Mi-6
874,9A31B0EE05000000,MiG-25RBT
875,1532B0EE05000000,MiG-27K
876,1732B0EE05000000,MiG-27M
877,AEECCEEE05000000,Minimi
878,B799DFF405000000,Mortar
879,DDB5740B06000000,NASAMS
880,4110101506000000,3000-2
881,01222C1506000000,M1978
882,66CC4E1506000000,IGLA
883,E66D6A1506000000,YUCKJEONDAE
884,1966141706000000,NM45
885,D670541E06000000,62L Shiki
886,8BA5D52606000000,250-1
887,726CD62606000000,Napalm
888,5D93185206000000,OH-58C/S
889,55C61D5206000000,OH-6 #reco2
890,57B52C5D06000000,OSA-AKM
891,16671C5E06000000,OT-65RL #reco3
892,8B53DD6A06000000,Twin GDF-001
893,E66EA67306000000,ONDAVA
894,306FB68406000000,MIM-23B I-Hawk PIP III
895,1CD4688506000000,#command P4 PC
896,43722D9C06000000,PRAM vz.82
897,46722D9C06000000,PRAM vz.85
898,55792D9C06000000,ShM vz.82 PRAM-S
899,1576209E06000000,PT-76 #reco1
900,EC6CB6B406000000,PO-HANG
901,B92AD3B706000000,PROMET
902,4223C9BA06000000,PUMA HC.1
903,08F2D6BB06000000,Pvpj 1110 m/77
904,45F2D6BB06000000,Pvpj 1110 m/84
905,012178C606000000,130-1
906,C315180607000000,R.550 Magic II
907,4160540C07000000,RBK-500
908,4380740C07000000,RBS 70 Mk.2
909,5EA0740C07000000,Twin RBS 90
910,C120801207000000,CN120-25
911,9EF3551907000000,UDT/SEAL
912,0EB6581907000000,AMX-30 ROLAND
913,1C88441A07000000,RPG-7VR
914,DDC8651A07000000,RPO Rys
915,B7EAD62607000000,Rapier
916,B39ADE2607000000,L21A1 RARDEN
917,AAAFA62A07000000,Redeye
918,EB3CB12A07000000,Rifle Team
919,C1205C2D07000000,Rh-M-120
920,E96CC63407000000,Roland
921,24B6044807000000,S-70
922,5D66354B07000000,SACLOS
923,CDA2714B07000000,SARPAC
924,CBE0655507000000,SKOT-2A
925,C9C13C5807000000,SNEB
926,4B50845A07000000,SPW-40A  #reco1
927,42A1445E07000000,STG 941
928,44A1445E07000000,STG 943
929,FEADD66607000000,SAPERY
930,B7AED66607000000,SAPEURS
931,78AED36807000000,LIGHT RIFLEMEN
932,B9D9986A07000000,Sea Cat
933,ACF9986A07000000,Sea Eagle
934,B10E9A6A07000000,Sea Vulcan CIWS
935,32DDA06A07000000,#command GROUPE DE CMDT
936,B1B9DF6A07000000,AML 60/20 SERVAL
937,0822556D07000000,ShKH-77
938,261CBB6D07000000,ZSU-23-4V1 SZY?KA
939,7E7ED36D07000000,M60 'Shorty'
940,42ECE66D07000000,Shtil-1
941,5149D37207000000,Smoothbore Gun
942,B75ABB7307000000,Sniper Rifle
943,7586AA7507000000,Commando Squad
944,0D3BBB7907000000,LAAD STINGER C
945,B73AD37907000000,Stoner 63
946,424DDF7907000000,STROP 1
947,434DDF7907000000,STROP 2
948,56C5207A07000000,Su-7BKL
949,A9DDD57A07000000,Support Squad
950,7E5CD77A07000000,Supply Truck
951,EC4CE37A07000000,Susong Po
952,9791148407000000,KPz T-34/85M
953,D125158607000000,T54
954,C2B5188607000000,Deprec! T-55AM-1
955,C3B5188607000000,T-55AM2
956,15B6188607000000,T-55 #reco1
957,56C31D8607000000,Type 56 RR
958,02C8148707000000,T-64BV1
959,D1D5158707000000,Type 64 SMG
960,D165218707000000,Type 67
961,15B60C8807000000,T-72M
962,8E700D8807000000,#command T-72M1D
963,97700D8807000000,T-72M1M
964,64D30D8807000000,T-72S
965,D165118807000000,Type 73 LMG
966,56C3258807000000,Type 78 RR
967,D165098907000000,Type 81
968,D1D5198907000000,Type 85 SMG
969,15D6058A07000000,T-90S
970,D7D2098A07000000,Type 91
971,1566189907000000,TO-55
972,D7D2CDA607000000,Tan SAM
973,B199CFA607000000,kbk Tantal
974,43219FAC07000000,TGB m/42
975,8321C0B407000000,D-1
976,8BC3DDB407000000,Fla-Kom TOR
977,05A2D6BE07000000,#command NANA-YON SHIKI A CV
978,CA5190CB07000000,UAZ-469 #reco2
979,8A4182D507000000,UK vz. 59
980,D6F274DD07000000,NAVY SEALS #reco2
981,E17275DD07000000,SMAW
982,887108E007000000,S-5M
983,883110E007000000,S-5M
984,03317CE407000000,ZU-23-2
985,D115180208000000,V-150
986,C1B02C0E08000000,TA 20
987,41512D0F08000000,VEAK 40
988,C1205C1A08000000,VPM 120
989,097CA12E08000000,Vickers Mark 8
990,9379A73E08000000,OT-62 VYDRA-I
991,D674714B08000000,FV510 WARRIOR MILAN
992,B979CA7408000000,L6 WOMBAT
993,5742C0E608000000,YAK-38M
994,93D4340A09000000,Z-9C
995,03627C1D09000000,ZSU-57-2
996,5E325D3F0A000000,Mi-8T
997,8B61783F0A000000,T-55A
998,D780783F0A000000,T-72M
999,8691793F0A000000,TO-55
1000,AA6CC6500A000000,Flame-throwers are terror weapons. Only used in close combat due to their very limited range
1001,6ABCBA5C0A000000,Ranging from obsolete WW2 bolt rifles to modern semi-automatic rifles
1002,8700CD660A000000,F-16A BLOCK 5
1003,93D428880A000000,ZTZ-59-IIA
1004,01C19AF70A000000,30mm Frag
1005,41C19AF70A000000,40mm Frag
1006,862104870C000000,m/60
1007,8700DDF40C000000,F-16A FIGHTING FALCON
1008,03E2C5740D000000,T-72
1009,CA7499E90D000000,AHS Mi-8R #reco3
1010,44205C4620000000,M103
1011,558B3BC820000000,DShK
1012,8C345CC820000000,M2 Browning
1013,1ED861C820000000,NSVT
1014,1EA8554521000000,KPVT
1015,84205C0622000000,M113A1
1016,A9C9C97230000000,20mm Radar
1017,A9C9C93231000000,23mm Radar
1018,A9C9C9B231000000,25mm Radar
1019,01813DCE32000000,Twin ADEN 30
1020,01B1408F33000000,Twin DEFA 550
1021,4340485D34000000,Twin GSh-2-30
1022,A75E0D4235000000,RZP KUB-M
1023,33ED6A4837000000,2S7 PION
1024,E64C634A37000000,2S9 NONA
1025,DAC3A9B23A000000,2e REP #reco2
1026,A9C9C97240000000,30mm Radar
1027,A9C9C9B241000000,35mm Radar
1028,4942461A42000000,PLA 37-2
1029,A9C9C93242000000,37mm Radar
1030,A9C9C97250000000,40mm Radar
1031,DDA265DE70000000,OT-62A
1032,D1A545C381000000,GPMG
1033,C39258C381000000,L37
1034,41315CC381000000,M240
1035,441175C381000000,SG-43
1036,4B971144A5000000,9K33 OSA
1037,B0CE2044A5000000,9K37 BUK
1038,C57510C4A5000000,3M9M3
1039,55C63108B1000000,A-37B Dragonfly
1040,4240608FB3000000,ADEN 30
1041,4340608FB3000000,Twin ADEN 30
1042,4540608FB3000000,Quad m/49 Bofors
1043,41D11353B4000000,AGI 3x40
1044,4B210857B4000000,AGM-114A Hellfire
1045,4D210857B4000000,AGM-114C Hellfire
1046,DA424182B4000000,AH-1S
1047,55C64182B4000000,AH-1S
1048,55C65182B4000000,AH-1J
1049,55C67982B4000000,AH-1T
1050,4B3008D7B4000000,AIM-120A AMRAAM
1051,4FD875D9B5000000,AMOS
1052,0D1708E2B5000000,AMX-10 RC #reco1
1053,814208E2B5000000,AMX-13/90 #reco1
1054,031310E2B5000000,AMX-30B2
1055,02A42FE2B5000000,AMX AuF1
1056,5CB77424B6000000,SASR
1057,E66DD6D1B7000000,AUG Para
1058,1CD7AA7BBE000000,Anti-Tank Team (RR)
1059,B7AFE6B8BE000000,F88 Austeyr
1060,B7CACEEABE000000,M1097 AVENGER
1061,61E69557C4000000,TOW
1062,93D414C3C5000000,BM-24
1063,8BC321C3C5000000,MFRW BM-27
1064,82D609DAC5000000,SPz BMP-1 SP-1
1065,15265C0EC7000000,BRDM-1 #reco1
1066,15365C0EC7000000,BRDM-2 #reco1
1067,8C161C9CC7000000,SPW-60PB(ABS) #reco2
1068,A4161C9CC7000000,BTR-60PB
1069,4171D32BCD000000,Bofors L/70
1070,6ABCBA37D2000000,C7
1071,862174CFD2000000,155mm/52
1072,216849D8D2000000,HLVW
1073,61E64DD8D2000000,ILTIS TOW-2
1074,19560402D4000000,CF-104
1075,61B72402D4000000,CF-18 ASuW
1076,8B814993D4000000,HN-5A
1077,8C814993D4000000,HN-5B
1078,C7100C02D6000000,CN120-26/52
1079,42337913D7000000,Optical failure
1080,43337913D7000000,Stabilization malfunctioning
1081,44337913D7000000,Firing computer reset
1082,45337913D7000000,Weapons jammed
1083,46337913D7000000,Track / transaxial hit
1084,47337913D7000000,Fuel leak
1085,48337913D7000000,Lost track / transaxial broke
1086,49337913D7000000,Ammo internal explosion
1087,4A337913D7000000,Gearbox hit
1088,C8805CB7D9000000,Carbine M727
1089,F06C7ABBD9000000,Cavalry Tank
1090,831FC766DB000000,CHALLENGER 2
1091,E6ADCA6EDB000000,CHIMERA
1092,A74C337ADC000000,AT Cluster Bomb
1093,047CC128DD000000,Cockerill Mk.3
1094,097CC128DD000000,Cockerill Mk.8
1095,D165E531DD000000,Colt LMG
1096,E96CCA32DD000000,Command Vehicle
1097,38AEA333DD000000,Concussion
1098,0396450BE7000000,M47 Dragon II
1099,3E7DE7B8EA000000,Destroyer
1100,AAD9B233ED000000,DONG-HAE
1101,EB3CE56EFC000000,Commando Squad
1102,9F752D8700010000,F-16A MLU
1103,19762D8700010000,F-16AM
1104,55C6E14E01010000,F-4D PEACE PHEASANT I
1105,DA42514F01010000,F-4EJ
1106,AE59514F01010000,F-4EJ KAI
1107,55C6E14F01010000,F-4E PEACE PHEASANT II
1108,10F4698B01010000,F-5A PUFF
1109,55C6414702010000,F-86F SABRE
1110,411008CC02010000,FAB 1000
1111,B7CAAA6E0C010000,FLIEGERFAUST
1112,E64FCB370D010000,FORMOZA #reco2
1113,6A6EB2EE0D010000,Frigate
1114,6ABCBA3711010000,H&K G3
1115,C12078CB14010000,GIAT 120
1116,8A8078CB14010000,GIAT 30/719B
1117,81515CCD15010000,GMC M450
1118,1516105217010000,Type 23-II
1119,C381446D17010000,GShG-7
1120,DDD294D817010000,CAS Gunship Helicopter
1121,ECECC6B919010000,Gatling Gun
1122,2A1E2FEA1D010000,Alsetex
1123,827139EA1D010000,DM51
1124,C33258EA1D010000,L2A2
1125,445471EA1D010000,RKG-3
1126,6A6ACEEA1D010000,Grenade
1127,B7FACFEA1D010000,GRENZER #reco2
1128,B35AD7EE1D010000,JAS-39 GRIPEN
1129,B9499FB31E010000,Gunboat
1130,DA42514821010000,CH-47D
1131,B82B0BC726010000,HQ-61
1132,C275C1BC29010000,Hawk MM1
1133,B949333C2D010000,MONITOR 105
1134,DCE5983C2D010000,Howa DMR
1135,C5E1993C2D010000,Howa 64 Shiki
1136,4AE2993C2D010000,Howa 89 Shiki
1137,34AA72EB3C010000,Recon Squad
1138,93D4080242010000,J-7II
1139,93D4948844010000,JH-7
1140,C26DEAAC49010000,JAGUAR 1
1141,C36DEAAC49010000,JAGUAR 2
1142,CB6DEAAC49010000,JAGUAR A
1143,C82030B049010000,Yak-B
1144,B31BABBB49010000,LAAD JAVELIN
1145,55C6098B50010000,K1A1
1146,55C605C150010000,K200
1147,55C60DC550010000,K242
1148,55C611C750010000,K263
1149,55C609C950010000,K281
1150,6ABCBAF750010000,K2
1151,55C61D0254010000,KF-16C Block 52D
1152,4C62C85A57010000,Ksp m/58B
1153,9AA5218359010000,Ka-27PL-P
1154,B399B7B859010000,Kashtan CIWS
1155,8B61787F5D010000,KPz T-55A
1156,D180787F5D010000,Deprec! Kpz T-72G
1157,D780787F5D010000,KPz T-72M
1158,64535CA75E010000,KUB-M4
1159,E6192F0A61010000,L-39ZO ALBATROS
1160,7A3EAB0D62010000,L7
1161,95C62DCE62010000,LADA RPK
1162,DDE72DE062010000,LAV-AT
1163,DD3734E062010000,#command LAV-C2
1164,8170085F63010000,LCU 1610
1165,55C6151E68010000,BUFFALO IV
1166,C282681E68010000,LVTP-7A1
1167,56A61DB26B010000,Lim-6Bis
1168,D547F4B36F010000,LYNX 3
1169,82B4F4B36F010000,LYNX AH.1
1170,88B4F4B36F010000,LYNX AH.7
1171,037CF5B36F010000,Lynx Mk.2
1172,24B6248170010000,M108
1173,DA42058270010000,PzH M110
1174,C212118270010000,M113A1G
1175,CBE7118270010000,M113 TUA
1176,0A611D8370010000,M126
1177,61E6058670010000,M150 TOW
1178,0A61198970010000,M185
1179,0A6115C970010000,M284
1180,453F2C0A71010000,Quad M39A2
1181,9DE7098671010000,M551A1 (TTS) #reco2
1182,E0D3240372010000,M728 CEV
1183,B3890A4F72010000,M81E1
1184,61E6098172010000,M901 ITV
1185,426E56D872010000,MAN KAT1 6x6
1186,87A114DD72010000,MAS 49/56
1187,4CA3100473010000,MB-339CB
1188,1516048673010000,MD 500D #reco3
1189,6D27185774010000,Shillelagh
1190,56A621C274010000,Mi-17
1191,95062EC574010000,#command Mi-4AVPK
1192,9B4436C574010000,#command Mi-4KK
1193,15B649C574010000,Mi-4 Cargo
1194,556779C974010000,VERSORGUNGS Mi-8
1195,CB802DD674010000,MILAN F3
1196,02842DD674010000,MILAN 1
1197,8BC3319677010000,MZTM MT-LB
1198,B3CEB6A879010000,Machine Gun
1199,C2ADA6B779010000,MARDER 1
1200,15A60C917B010000,MIG-29 9-12B
1201,8E660CAC7B010000,MiG-25PD
1202,64A30CAC7B010000,MIG-29 9-12A
1203,B329BBB37B010000,Miniman
1204,84CA9AB77B010000,MIRAGE IIIC
1205,86CA9AB77B010000,MIRAGE 5F
1206,B179E7B87B010000,Mistral
1207,C85031377E010000,Mauser BK-27
1208,39CD9A5085010000,BAN-TANK FAGOT
1209,83A2085785010000,M1992 #reco2
1210,A74C33B589010000,Napalm Bomb
1211,B31E95BB89010000,Naval Gun
1212,D7D295BB89010000,Naval SAM
1213,4160308B93010000,ODAB-500
1214,DA42398794010000,OH-6D #reco1
1215,CB72209997010000,OTO Melara 76
1216,B1790583A0010000,P-120 Malakhit
1217,387D05C8A0010000,P-270 Moskit
1218,CB101020A3010000,PBV 302A
1219,42600C8BA5010000,250-1
1220,456F0C8BA5010000,PLA 25
1221,F04C5795A6010000,PPK KONKURS
1222,576AC6B1A9010000,Pallad-M
1223,39EDDEB9A9010000,PATRIOT
1224,B88E9BACAA010000,PEGASUS
1225,FD6CC666AB010000,Phalanx CIWS
1226,B7EACEB4AB010000,STURMPIONIERE
1227,A89BE366AC010000,Plastic
1228,846AB233AD010000,P?N'GAE-3
1229,8B52C3EDAE010000,PVHKP 9A
1230,0872B2F9AE010000,PVTGB 9031 m/77
1231,4572B2F9AE010000,PVTGB 9031 m/84
1232,5EA5A5A6BE010000,Quad PKT
1233,15566981C1010000,BTR-50PK
1234,FAAA430BC4010000,Deprec! #command FUCHS Fufu
1235,295D975EC5010000,Rocket Pod
1236,56A605C8C5010000,RM-70
1237,83832D56C6010000,AMX-30 ROLAND 3
1238,F8ADB2B3C9010000,RANGERS #reco2
1239,A74C33B9CA010000,Retarded HE Bomb
1240,82600442CB010000,Rh-105-11
1241,433A9B31CD010000,Roland 2
1242,443A9B31CD010000,Roland 3
1243,4477AB3BCD010000,ROVER REKV #reco2
1244,2A4CCBB8D1010000,S-5 Smoke
1245,327D47D7D2010000,Grom
1246,415068D7D2010000,SAMP T200
1247,D7327859D5010000,SKOT-2AM
1248,831614A1D6010000,SPW-40P2 #reco1
1249,8B1614A1D6010000,SPW-40PA #reco1
1250,951618A1D6010000,SPW-50PK
1251,9F1618A1D6010000,#command SPW-50PU
1252,8C161CA1D6010000,SPW-60PB
1253,837631A4D6010000,SPz BMP-2/c
1254,4BE30942D7010000,SS-11 TCA
1255,85310CC2D7010000,SU-122-54
1256,D1C239DAD7010000,M47 Super Dragon
1257,DA420507D8010000,81 MSP
1258,DA420587D8010000,107 MSP
1259,46209CA6D9010000,SK 60B
1260,FE7FABB5D9010000,SAPERZY
1261,B7999AB7D9010000,SemAct radar
1262,D537D3BDD9010000,SAXON
1263,A60E77A6DA010000,Sea Skua
1264,3A9DCF66DB010000,SHANTOU
1265,2D1EAF3EDC010000,Skyflash
1266,8142A766DD010000,SPADOCHRONIARZE '90
1267,C731DC66DE010000,STAR 266 ZAOP.
1268,B7CACE6EDE010000,FIM-92A Stinger
1269,8219AB77DE010000,9M31
1270,8319AB77DE010000,PLRK STRELA-2
1271,8419AB77DE010000,Strela-3
1272,4620EC77DE010000,STRV 105
1273,C220EC77DE010000,STRV 121
1274,4320DC7BDE010000,STRV 102
1275,4520DC7BDE010000,STRV 104
1276,15160482DE010000,Su-100
1277,5A710D83DE010000,Su-22M4P
1278,64531A83DE010000,Su-25K
1279,15261F88DE010000,Su-76M
1280,F94DD7B5DE010000,Fire Support Vehicle
1281,C2652405E1010000,T-34/85M1
1282,5DC77D05E1010000,T-34/85 Obr. 1969
1283,8C702D86E1010000,T-55AM1B
1284,CC702D86E1010000,T-55AM2B
1285,02782D86E1010000,T-55AMV
1286,E6EC3B86E1010000,T-55AM2 DYNA-1
1287,8D6724C3E1010000,T62-85TC
1288,F94D5FC5E1010000,T64
1289,F94D5FC8E1010000,T67
1290,64235C03E2010000,T-72M1cz
1291,56A67503E2010000,T-72S
1292,8BC37503E2010000,KPz T-72S
1293,70EC8603E2010000,T-72M1 WILK
1294,8BC31942E2010000,V-LKV T815
1295,5DC77D81E2010000,T-72BU
1296,CBD02D5AE6010000,TOPAS-2A
1297,5DC77D37ED010000,9K330 TOR
1298,4C40CC2EEF010000,Twin M1919
1299,4C53CD2EEF010000,Twin KCB
1300,8B53CD2EEF010000,Twin KDA
1301,16971CB5EF010000,Type 68
1302,8C7214E4F2010000,#command UAZ-469U
1303,55C62D82F4010000,#command UH-1A YIDONG-JIHWI-SO
1304,55C63182F4010000,BELL 205
1305,2C2D3582F4010000,UH-1C HOG
1306,55C64982F4010000,UH-1H
1307,DA426182F4010000,CH-135 GUNSHIP
1308,CBE280CC02020000,VAB VDAA
1309,016255CB03020000,Twin Ivakan m/48
1310,81712C9C05020000,VLRA LOGISTIQUE
1311,4B71785907020000,#command VSOT-64A/R2M
1312,384DA7B309020000,CANADIAN AIRBORNE
1313,B01ABBB809020000,2B9 Vasilek
1314,6A8CBAAD0A020000,Vehicle
1315,B909A7B10B020000,VILDKAT #reco1
1316,D364DEA90F020000,OT-62 VYDRA-II
1317,197624C222020000,XA-186NO
1318,E66EE6B849020000,Zastava M76
1319,4642C7664B020000,2A62
1320,A979BBF96C020000,Antiradar
1321,B179DF666D020000,M48A3 CHAPARRAL
1322,08625CB389020000,#command M577
1323,829755DD8F020000,#command VSOT-64A/R2
1324,D7D245DE92020000,Dual purpose missiles are unique missiles able to engage aerial targets like SAMs
1325,5639AB7794020000,Automatic Grenade-Launchers are a kind of heavy machine-guns firing 30mm to 40mm explosive grenade
1326,CEA261CB95020000,Man-Portable Air Defense System are short-range missiles used by infantry or light vehicles to engage helicopters
1327,B799DFF495020000,Mortar are light artillery firing sustended salvos over medium to long range and on an indirect trajectory. With average aim and reload times
1328,5149D37297020000,Description not available
1329,B75ABB7397020000,Precision rifles used by some special forces units. Deadly accurate
1330,2E3B3FEBEC020000,Engineers Squad
1331,5E325D315D030000,Mi-8T
1332,D78078315D030000,T-72M JAGUAR
1333,869179315D030000,TO-55
1334,CB929ABA8D030000,Anti-Aircraft Squad
1335,DE929ABA8D030000,Anti-Tank Squad
1336,86E1E1F8AD030000,T-55 #reco1
1337,D1D519C3BF030000,vz.25
1338,83E12D0B32080000,AAT-52
1339,327D47C9B00C0000,2A28 Grom
1340,C85031377E0D0000,Twin Mauser BK-27
1341,E64C63C4D00D0000,2S23 NONA-SVK
1342,EECCD33713100000,M1919
1343,43B10CB21C100000,2A42 Shipunov
1344,C3E769E433180000,BTR-152E ZPTU-2
1345,C5E769E433180000,BTR-152E ZPTU-4
1346,93D434DA72180000,ZSL-56
1347,DEF248B29C180000,58mm HEAT
1348,C222488BA6190000,Bo 105P/PAH-1A1
1349,DEF248B21C1C0000,60mm HEAT
1350,DEF248B27C1C0000,66mm HEAT
1351,DEF248B29C1C0000,68mm HEAT
1352,DEF248B21C200000,70mm HEAT
1353,DEF248B23C200000,72
1354,DEF248B24C200000,73mm HEAT
1355,DEF248B26C200000,75mm HEAT
1356,07A175D570200000,Twin Ksp m/36
1357,DEF248B27C200000,76mm HEAT
1358,DEF248B21C240000,80mm HEAT
1359,DEF248B22C240000,81mm HEAT
1360,DEF248B23C240000,82mm HEAT
1361,DEF248B24C240000,83mm HEAT
1362,DEF248B25C240000,84mm HEAT
1363,DEF248B26C240000,85mm HEAT
1364,DEF248B2AC240000,89mm HEAT
1365,DEF248B21C280000,90mm HEAT
1366,DEF248B25C280000,94mm HEAT
1367,DEF248B26C280000,95mm HEAT
1368,ADBA77DEE22C0000,Air Defense Anti-Tank System
1369,E67DD28D202D0000,AH-1 COBRA
1370,F1EA7248512D0000,AKM
1371,F1EA7205522D0000,AK-74
1372,4BE31082782D0000,AMX-13 OEIL NOIR
1373,9E071282782D0000,AMX-13 VTT
1374,D8624D17892D0000,MILAN
1375,E1B27017892D0000,MRAAW
1376,DDD29118892D0000,NZSAS #reco2
1377,01D2311C892D0000,RBS-70
1378,5C860D04D12D0000,AS.332
1379,6EACB657E42D0000,ATGM Helicopter
1380,6ABB2C65E42D0000,ATGM / AA Helicopter
1381,31EAB6EA6E2E0000,Anti-Aircraft Artillery
1382,6A9EAB3A1D2F0000,ALOUETTE III  #reco2
1383,B94A996D1D2F0000,ALPHA JET A
1384,39AEDFA77C2F0000,Armbrust 300
1385,34AA72B47C2F0000,Armored recon
1386,B9CBD3527E2F0000,Self-Propelled Artillery
1387,B31E956E7E2F0000,Artillery Gun
1388,31EAB6EA9E2F0000,Tank Destroyer
1389,F46CA274AE2F0000,Autocannon
1390,462074A6BB2F0000,AVIA S-105
1391,61E64DE515310000,I-TOW
1392,439879E515310000,TOW 2
1393,CEC245C270310000,BM-21 GRAD
1394,5DC77D8373310000,BMD-2
1395,03CC05037C310000,Mk 20 Rockeye II
1396,F08C0F097C310000,Mk 82 Snakeye
1397,15B60405E7310000,BTR 40A #reco1
1398,15A60507E7310000,BTR-60P
1399,15B60409E7310000,BTR-80A
1400,5DC77D1EE7310000,BTR-T
1401,47F2EF8306320000,BVP-2 vz.86
1402,6AEDD63C1D330000,Blowpipe
1403,4750DCF44A330000,Bofor L/60
1404,4C625CA74C330000,M/58 Balk
1405,08025FA74C330000,Mk 77
1406,C82098A97A330000,Otobreda Compact
1407,1CC42DDDB3340000,CAESAR
1408,338DBB0CB6340000,BISON
1409,4343AB16B6340000,LEOPARD C2
1410,8652481EB6340000,TH-495
1411,340D0A8100350000,CF-101B Voodoo
1412,D8E2148100350000,CF-104
1413,D8D2208520350000,CH-147
1414,E94DF3DD24350000,LÌ JIÀN
1415,462255DE24350000,TÁNKÈ SH?SH?U '85
1416,15D6688B73350000,#command YW701
1417,4243AB9673350000,#command CMD LEOPARD C1
1418,C2121C9773350000,#command CMD M60A1
1419,D517249E73350000,#command T-80UK
1420,86E1FDA873350000,#command T-55K1
1421,81D04CDEC4350000,Major fuel leak
1422,82D04CDEC4350000,Engine stall
1423,83D04CDEC4350000,Fuel tank explosion
1424,84D04CDEC4350000,Targeting system hit
1425,85D04CDEC4350000,Ammo box hit
1426,86D04CDEC4350000,Fire control malfunctioning
1427,87D04CDEC4350000,Transaxial hit
1428,88D04CDEC4350000,Fuel leak
1429,89D04CDEC4350000,Turbine failure
1430,8AD04CDEC4350000,Collective malfunctioning
1431,C1D04CDEC4350000,Tail rotor damage
1432,C2D04CDEC4350000,Tail rotor destroy
1433,C3D04CDEC4350000,Rough ground
1434,C4D04CDEC4350000,Track in the mud
1435,C5D04CDEC4350000,Detracked
1436,C6D04CDEC4350000,Stuck in the mud
1437,C7D04CDEC4350000,Mud
1438,C8D04CDEC4350000,Stuck in the mud
1439,C9D04CDEC4350000,Critical Hit
1440,CAD04CDEC4350000,Radar malfunctioning
1441,01D14CDEC4350000,Kerosene leak
1442,02D14CDEC4350000,HUD failure
1443,03D14CDEC4350000,Turbine failure
1444,04D14CDEC4350000,Critical incendiary
1445,05D14CDEC4350000,Radar operator killed
1446,06D14CDEC4350000,Boat loses fuel
1447,07D14CDEC4350000,Boat identification
1448,08D14CDEC4350000,Weapon system reboot
1449,09D14CDEC4350000,Fire in arms room
1450,0AD14CDEC4350000,Water ingress
1451,41D14CDEC4350000,Explosion in ammo room
1452,42D14CDEC4350000,Officers injured on bridge
1453,43D14CDEC4350000,Propeller hit
1454,44D14CDEC4350000,Fuel tank fire
1455,45D14CDEC4350000,Panic in engine room
1456,46D14CDEC4350000,Weapon officer down
1457,47D14CDEC4350000,Radar antenna crippled
1458,48D14CDEC4350000,Weapon operator injured
1459,49D14CDEC4350000,Captain killed on bridge
1460,4AD14CDEC4350000,Smoke on bridge
1461,81D14CDEC4350000,Turret crew unconscious
1462,82D14CDEC4350000,Turret crew injured
1463,83D14CDEC4350000,Spotter crew stunned
1464,84D14CDEC4350000,Turret crew losses
1465,85D14CDEC4350000,Turret crew losses
1466,86D14CDEC4350000,Small water ingress
1467,87D14CDEC4350000,Engine fire
1468,88D14CDEC4350000,Ammo box explosion
1469,1916108102360000,CV9030N
1470,B76BA6E66C360000,CF-116 FREEDOM FIGHTER
1471,EEADE3B2D9360000,CHAM-SU-RI
1472,83505D794C370000,Twin Colt Mk 12
1473,6EAC4AA64C370000,Command Helicopter
1474,CB92ABFB4D370000,Air-Defense Corvette
1475,6A9EABFB4D370000,Corvette
1476,43139B397D370000,Crotale CN2
1477,B79A9AB87E370000,F-8E(FN) CRUSADER
1478,DC151042B5380000,Dual AK-130-MR
1479,3B3DEBAC793B0000,Dragunov SVD
1480,C33508B1A93B0000,Dual M2 Browning
1481,340D0A81003D0000,EF-101B Electric Voodoo
1482,BBC90982003D0000,EF-111A RAVEN
1483,306F4A9D973D0000,EOTS HAWK
1484,A8CAADF3143F0000,Recon team
1485,C31010FB593F0000,EPBV 3022 #reco1
1486,E96DA6B39A3F0000,ETENDARD IVM
1487,D8E2384120400000,F-100D
1488,BACF514520400000,F-104J RYU
1489,E96D2E8220400000,F-111E AARDVARK
1490,6ACC9A8F21400000,F-15A EAGLE
1491,DA42959421400000,F-15J
1492,2A6AAA1A54400000,F-4F PEACE RHINE
1493,B18A9B6A58400000,F-4G WILD WEASEL V
1494,ABCB75CBB5400000,FAMAS
1495,E6357146C2410000,RIMa '85
1496,0BF7048201420000,FV510 WARRIOR 90
1497,3D0D090302420000,FV721 FOX #reco1
1498,32CDE42DEB420000,Fighter bomber
1499,827AE79D19430000,Fla-Kom STRELA-1
1500,779BABB219430000,Flamethrower Vehicle
1501,C3ADB2AA1B430000,FLIEGERFAUST 2
1502,6ABCBAB720440000,H&K G11
1503,88205C42D7440000,GCS-1 M117
1504,DA621882D7440000,GCT F1
1505,CF6008A1D6450000,Fla-MG SPW-152E
1506,2DBE2C25F6450000,Anti-aircraft Helicopter
1507,B5DBE225F6450000,Gunship Helicopter
1508,C1201C576E460000,M168 Vulcan
1509,C292DE66AD460000,FLAKPZ. GEPARD A1
1510,C392DE66AD460000,FLAKPZ. GEPARD A2
1511,B79A9AB37A470000,GEVÆRMENN
1512,CB62D2E7AC470000,Air-Defense Gunboat
1513,C4B59B39AE470000,Carl Gustav M3
1514,26ECA63FBD470000,2S1  KARAFIÁT
1515,909278264F4B0000,Howa 89F Shiki
1516,B7FAE72E4F4B0000,Howitzer
1517,787A9B38AE4B0000,HUSSARDS #reco2
1518,DA42C1BC294D0000,KAIRYOU HAWK
1519,8142E7781A4F0000,ILDSTOTTEGRUPPE '85
1520,A9DDD57A374F0000,Fire Support Squad
1521,A97A9BF73A4F0000,Infrared
1522,A89BDE6A3E4F0000,Interdictor
1523,93D42C8280500000,J-7IIM
1524,81203A8CB6500000,HMV
1525,B8799B9AB6500000,K?TEI
1526,B3E98A0B22510000,JH-7A FEIBAO
1527,8172ABAC6A520000,JÆGERE '90 #reco2
1528,A0974C5727550000,THS Mi-8TV
1529,55C61D8170550000,KM106
1530,55C6218170550000,KM107
1531,55C6298170550000,M109A2 R.A.
1532,55C6058270550000,KM110
1533,55C60D8470550000,KM132
1534,55C6118770550000,KM163
1535,55C6294172550000,K136 KOORYONG
1536,55C6058172550000,KM900
1537,D762181EA9550000,Deprec! Kpz T-55AM
1538,B87B228100560000,KV-107
1539,5DC77D8361560000,Ka-52 #reco3
1540,15369B384C570000,KOKSAN
1541,C23520DE5F570000,KPz T-72M1
1542,DA420D97EE570000,MITSUBISHI M2 #reco2
1543,B3891A8B20580000,L11A5
1544,F1EADEC222580000,L1A1 SLR
1545,333D9B6851580000,L44
1546,F46CA2C482580000,L7A3
1547,6ABCBAB791580000,L85
1548,C2315CC9B1580000,M151 Hydra
1549,5F572D8BB3580000,LADA AKSU
1550,43987919B7580000,LARO TOW-2
1551,55C6219A075A0000,LVTP-7
1552,32E3EA116E5A0000,Laser Guided HE Bomb
1553,95632C02AD5A0000,LEOPARD 1A5-DK
1554,19662C02AD5A0000,LEOPARD 1A5NO
1555,437A9B35AD5A0000,LEOPARD 2
1556,6A7A9BECEE5A0000,LIVGARDEN
1557,4421AF3BBC5B0000,LVKV fm/43
1558,4280ECE7BD5B0000,LVRBV 701
1559,43B748FDEC5B0000,Lynx HAS.2
1560,58442C4A205C0000,M109A3GN
1561,0B372C81205C0000,M110A2 R.A.
1562,5A232C84205C0000,#command M/113A1 FFC
1563,95432C84205C0000,M/113G
1564,E0D22C84205C0000,M113 ACAV #reco1
1565,6ABCBA77215C0000,M14
1566,61E64D81215C0000,M150 I-TOW
1567,5A232C82215C0000,#command M/151A1 KV
1568,6ABCBADC215C0000,M16
1569,B86CDEE7225C0000,M1 ABRAMS
1570,2DAE3343315C0000,Bushmaster
1571,EB6AB64D315C0000,M24
1572,F46CA287315C0000,M256
1573,1D675D01325C0000,M270 ATACMS
1574,347B9B8D415C0000,M35 CARGO
1575,30AADF9E415C0000,M35
1576,B27C0442425C0000,M38A1 106mm
1577,24B6088B505C0000,M41A1
1578,55C6194B525C0000,M48A5K WRSA
1579,373D1B4B525C0000,M48A5
1580,389DCF59605C0000,M50A1 ONTOS
1581,B3890A4B725C0000,M68A1
1582,333D9B68725C0000,M68
1583,2A4CCB78805C0000,M70 Smoke
1584,306F4AC8805C0000,M/727 HAWK
1585,E94DAF3A935C0000,M8 AGS
1586,744EDF9AC75C0000,Main Battle Tank Prototype
1587,347B9B0DD15C0000,MC3
1588,3CED0581E15C0000,TOW DEFENDER
1589,F46CA24BF35C0000,MECA L/48
1590,C2703121075D0000,MFRW BM-21
1591,C5703121075D0000,MFRW BM-24
1592,01727121075D0000,MFRW RM-70
1593,4DDB09C6155D0000,Shillelagh-C
1594,55672DC5305D0000,THS Mi-24A
1595,556739C5305D0000,THS Mi-24D
1596,E9EC4AC5305D0000,Mi-24
1597,5166914D315D0000,Mi-4 ZÁSOBOVACÍ
1598,93D46C52315D0000,#command Z-5
1599,5567815E325D0000,THS Mi-8T
1600,C1D072C1505D0000,Rh 202
1601,03349BB17B5D0000,ATGM MILAN F2
1602,F1EA72D5A45D0000,MPi-K
1603,E8AC9B56C95D0000,MLRS
1604,B23C248CE55D0000,MT-LB PODNOS
1605,2D3AEBA6555E0000,Missile Launcher
1606,B31E95B36B5E0000,Main Gun
1607,8772ABB86E5E0000,Mauser m/96
1608,5DC77D41E15E0000,Mi-40
1609,3D0D1903EB5E0000,MiG-25BM
1610,10C31903EB5E0000,MiG-25RBF
1611,3D0D0904EB5E0000,MiG-31
1612,C38144EEEC5E0000,M134 Minigun
1613,5E2340E6ED5E0000,MIRAGE F1CT
1614,02A4B2E6ED5E0000,MIRAGE F1C
1615,EEAC9303015F0000,Mk.24 Zuni
1616,9A151CF94D5F0000,HB 60 LP
1617,B21C1CF94D5F0000,HB 60
1618,8BC375668E5F0000,SFL-Hb 2S19
1619,2DEB4279AC5F0000,Multirole combat aircraft
1620,E66D6A8152610000,YUCKJEONDAE '90
1621,78AED36857610000,JEONGCHALDAE #reco2
1622,74AE2FE56E620000,Naval Auto-cannon
1623,8192BBA7EA620000,NIEBIESKIE BERETY '90
1624,4120ECF44D630000,2A15 Norov
1625,30EAB6F94D630000,NORTHICK II
1626,357DB7F94D630000,F-5A FREEDOM FIGHTER
1627,E63BBB9820650000,OH-1 NINJA #reco3
1628,CDE42D57E6650000,OTOMATIC
1629,AE7CAB9E21680000,P-15 Termit
1630,93D4180A19690000,PGZ-95
1631,39CD9A50A5690000,PPK FAGOT
1632,93D42809E9690000,PTZ-89
1633,66CC4E15476A0000,PZRK IGLA
1634,83A157B06A6A0000,BAEK-KU
1635,81729BF86C6A0000,PANSARSKYTTE '90
1636,D175ABFF6C6A0000,PANZERGRENADIERE '90
1637,8261ECE7BD6B0000,PVRBV 551
1638,91120897F46B0000,PzH M109G
1639,EAECDEE6656C0000,Q-5B
1640,C33508A9A96F0000,Quad M2 Browning
1641,D12595A9A96F0000,Quad HMG
1642,373D0748C7700000,RBS 70
1643,2A8F074AC7700000,Lvgrp RBS 90
1644,D5B274D9E2700000,Fla-Kom OSA-AK
1645,6EACB659F3700000,Recon Helicopter
1646,116148CD02710000,MatTrsp CH-53G
1647,B31B334462710000,RL-100 Blindicide
1648,01921CDF62710000,FFAR
1649,2D3AEBA655720000,Rocket Launcher
1650,1CA4C6E66A720000,RAFALE C F1
1651,269CAAFB6F720000,RAZVEDKA #reco2
1652,66DBB934AA720000,Recoilless gun
1653,5C19BB34AA720000,Recoilless Rifle
1654,F45DCF34AA720000,Armored recon Prototype
1655,57D7E57AAA720000,REDUT
1656,5199AAF1EA720000,Rifled Gun
1657,B32AABF1EA720000,RIFLEMEN
1658,24B6DCEA4E730000,ROVER #reco2
1659,DDD2DDEA4E730000,ROVER PINKY #reco3
1660,61E6DDEA4E730000,LARO TOW
1661,B16BDE11B2740000,Strela-2M
1662,42379C9205750000,SFL-Hb 2S1
1663,44379C9205750000,SFL-Hb 2S3
1664,56A6394AA4750000,SPG9-D
1665,D5A05D0CA9750000,#command FüPz BMP-2(K)
1666,295D975EC5750000,Smoke Rocket Pod
1667,93D40481F0750000,SU-100
1668,B3FAE77A8B760000,MOT.-SCHÜTZEN
1669,33EDD6370D770000,Skorpion
1670,B29AC7AB0F770000,Skyflash SuperTEMP
1671,BF39E3B95A770000,SPETSNAZ
1672,ECECC6B79A770000,Sterling
1673,CDADB2B39B770000,FIM-92C Stinger
1674,8160C6EA9D770000,9M37
1675,9760C6EA9D770000,9M31M
1676,411128EB9D770000,STRF 9040
1677,AC0BC1EE9D770000,Strike fighter
1678,0E1108FB9D770000,STRV 103D
1679,83199BFF9D770000,PPZR STRZA?A-2
1680,DC1008F79E770000,STRV 102R
1681,0C1108F79E770000,STRV 103B
1682,0D1108F79E770000,STRV 103C
1683,64535CC3A0770000,Su-22M4
1684,2C7D43C6A0770000,Su-25
1685,158657C6A0770000,SU-25K
1686,5DC77D01A1770000,Su-27PU
1687,15565D0CA2770000,SU-7BMK
1688,6ABCBADC61780000,TQBZ-56
1689,6ABCBA5C72780000,Type 68
1690,645309D780780000,#command T-72M1K
1691,8BC309DD80780000,KPz T-72S1
1692,6ABCBA9C90780000,QBZ-81
1693,9A414C5727790000,KHS Mi-24P
1694,DA32748B96790000,TOPAS-2AP
1695,A74C33396A7A0000,Tactical bomber
1696,661CABB56C7A0000,Tampella
1697,492198776E7A0000,TATRA 148
1698,8CC045F34D7B0000,TORNADO GR.1B
1699,788BEAD05F7B0000,TPz FUCHS
1700,668BE2E9AC7B0000,2S11 Tundscha
1701,151610B3CB7B0000,Twin 30NK
1702,01315CB3CB7B0000,Twin M230
1703,EEEC5EB3CB7B0000,Twin M134 Minigun
1704,8A005FB3CB7B0000,Twin Mk19
1705,D12595B3CB7B0000,Twin HMG
1706,D17595B3CB7B0000,Twin MMG
1707,B3CE1243ED7B0000,Twin Type 23
1708,E1D42847ED7B0000,Type 69 CIWS
1709,01211C48ED7B0000,Dual Type 76-130
1710,15A6186AED7B0000,Type 59
1711,C6201C6AED7B0000,Dual Type 61
1712,08211C6AED7B0000,Dual Type 61
1713,F04C1C6AED7B0000,Type 63 #reco1
1714,88711C6AED7B0000,Dual Type 66
1715,0871206AED7B0000,Dual Type 76F
1716,1536246AED7B0000,SINHUNG
1717,15A61C05B97C0000,UAZ 469 #reco2
1718,173CD315B97C0000,UAZ-469 KONKURS-M
1719,BEAA4B8E207D0000,UH-1B
1720,BEAA4B92207D0000,UH-1H HUEY
1721,D3E4D3B1997E0000,#command UDALOY II
1722,95C3D2B23B7F0000,UNIMOG CARGO
1723,EAED42B93B7F0000,Fire
1724,8E8110B1797F0000,URAL-375D
1725,C14014B1797F0000,URAL-4320
1726,B21C0C8121800000,V-150 20mm #reco1
1727,B27C208121800000,V-150 76mm
1728,B21C288121800000,V-150 90mm
1729,84100C1EB3800000,VAB T20/13
1730,CB420C84E7810000,VTT-323 IGLA
1731,15460C84E7810000,VTT-323
1732,F1EA728941820000,Vz. 58
1733,BF7AD3F9EC820000,VSS Vintorez
1734,310DD39D47840000,W-3T SOKÓ?
1735,310DD35D48840000,W-3W SOKÓ?
1736,93D4080142860000,#command ZZZ-701
1737,E66C3A0842860000,wz.77 DANA
1738,26AF628247860000,WZT-1 NEWA-SC
1739,B389068670890000,XM-150
1740,93D41401118E0000,YW-304
1741,93D40809118E0000,YW-381
1742,82E2BEECEC8E0000,Yingji-91
1743,1516108235910000,ZIL-130 CARGO
1744,153620C6D7910000,ZSU-57-2
1745,CBE06555F7A30000,OT-64A
1746,A74C337ADCA40000,Cluster bombs are bomblets dropped in numbers over an area. They deal both anti-tank and anti-personel damages over an area
1747,ECECC6B919A50000,Multiple-barreled rotary autocannons
1748,6A6ACEEA1DA50000,Description not available
1749,B3CEB6A879A50000,Description not available
1750,A74C33B589A50000,Napalm bombs deal few damages on impact
1751,B31E95BB89A50000,Naval guns are designed to fire anti-personal rounds on a direct trajectory
1752,D7D295BB89A50000,Naval surface-to-air missiles are medium to long range weapons dedicated to engaging aerial targets and enemy missiles. They are ineffective against ground targets.
1753,A89BE366ACA50000,Description not available
1754,295D975EC5A50000,Rocket pods are helicopters and planes' weapons
1755,A74C33B9CAA50000,Bombs are dropped by planes on ground targets. Using only gravity as a mean of projection
1756,93D44C9362A80000,ZTZ-59-II
1757,C3E5704C4CD70000,BRDM-2 #reco1
1758,4E314C574CD70000,Mi-24D
1759,5CF3D09EB9DE0000,TORNADO ECR
1760,2E1AAB778EDF0000,MOTOST?ELCI
1761,55C61DC271E40000,FIAT 6616 #reco2
1762,F1EA7283F1EF0000,vz.52
1763,C282B7A86EFD0000,SpPz LUCHS #reco1
1764,C382B7A86EFD0000,SpPz LUCHS A1 #reco2
1765,97EEC7E635680100,BRDM-2 MALYUTKA-P
1766,9AEEC7E635680100,SPW-40P2 MALYUTKA-P
1767,DEF248B21C040200,100mm HEAT
1768,DEF248B26C040200,105mm HEAT
1769,DEF248B27C040200,106mm HEAT
1770,DEF248B21C080200,110mm HEAT
1771,DEF248B23C080200,112mm HEAT
1772,DEF248B21C0C0200,120mm HEAT
1773,DEF248B23C0C0200,122mm HEAT
1774,DEF248B21C100200,130mm HEAT
1775,DEF248B29C100200,138mm HEAT
1776,DEF248B23C180200,152mm HEAT
1777,DEF248B26C1C0200,165mm HEAT
1778,3B7DD39821740300,2S15 NOROV
1779,9D99E39722740300,2S19 MSTA-S
1780,261C9BD785740300,2S7M MALKA
1781,83505D794C370500,Quad Colt Mk 12
1782,1566C2B1DB760500,ZSU-23-4 SHILKA
1783,CBD02D5AE60D0700,OT-62B
1784,DEF248B26C0C0800,72mm HEAT
1785,15162D8BD6050900,Type 80 SPAAG
1786,15C69A668D130900,Deprec! Type 83 SPAAG
1787,D5B2741941540A00,9K33 OSA-AK
1788,C205EB0C42540A00,9K37 BUK-M1
1789,B3CB7B88D0450B00,Twin AGS-17
1790,E67DD2CD23480B00,AH-1E COBRA
1791,E67DD20D24480B00,AH-1F COBRA
1792,E67DD24D27480B00,AH-1S COBRA
1793,F1EA725881540B00,MPi-AK-74N
1794,5E266981205E0B00,AMX/HOT
1795,F56D4A84205E0B00,AMX-13 HARPON
1796,AAAFA62A47620B00,REDEYE
1797,78AED36847620B00,NORFORCE #reco2
1798,24B674E062750B00,ASLAV-S #reco3
1799,B07957C4A0910B00,AZP-23
1800,D59777B8BBC70B00,STALWART
1801,F86CDEB9BBCA0B00,AMFIBIEBIL
1802,7E5CD77A27DF0B00,Armored Supply Truck
1803,4D99C7BA89E30B00,Assault Carbine
1804,5C99C7BA89E30B00,Assault Rifles
1805,5DC77D9AE05C0C00,BMD-1P
1806,5DC77DD5E05C0C00,#command BMD2-K
1807,5DC77DC4E5700C00,BRDM-3 #reco1
1808,15C668C1C1790C00,BTR-60PB
1809,5DC77D81C2790C00,BTR-90
1810,D8E2652A7B9B0C00,BARGE
1811,5EB3682A7B9B0C00,BARGE
1812,6ADDE1339DBA0C00,"""Bidons spéciaux"""
1813,93A56946822D0D00,CANADIAN AIRBORNE '90
1814,6A4EFB74832D0D00,COYOTE #reco2
1815,CBE7818B852D0D00,LAV-III TUA
1816,78AED368872D0D00,RECCE #reco2
1817,4C4088D7E25C0D00,#command AMX-30B CNE
1818,8BC30D88E75C0D00,#command FüPz T-72(K1)
1819,8419AB77DE910D00,PLRK STRELA-3
1820,EE7A9B79379B0D00,CF-104 STARFIGHTER
1821,F45DC3B3B79B0D00,Cavalry Tank Prototype
1822,037C09716CB60D00,CHALLENGER 1 Mk.2
1823,F8ADAB386EB60D00,CHASSEURS
1824,6007DD26ABD30D00,COUGAR
1825,1CA4C6664EDF0D00,CROTALE
1826,4620E4B3DA540E00,CENTURION 105mm
1827,EE7A9B79379B0E00,STARFIGHTER
1828,264FE7B389AB0E00,SPADOCHRONIARZE
1829,41B1D24C6CEA0E00,Dual Bofor L/56
1830,4234790BA4890F00,LEVEL FATIGUE -1
1831,4334790BA4890F00,LEVEL FATIGUE -2
1832,81F5808FA5890F00,ROOKIE
1833,82F5808FA5890F00,TRAINED
1834,83F5808FA5890F00,HARDENED
1835,84F5808FA5890F00,VETERAN
1836,85F5808FA5890F00,ELITE
1837,B189BA794DC70F00,Electro-optical
1838,E96D2E9020081000,F-111F AARDVARK
1839,79CBBA1822081000,F-117 NIGHTHAWK
1840,B989CAB457081000,F-14 TOMCAT
1841,6ACC9A4F63081000,F-15C EAGLE
1842,064CC74C73081000,F-16C BLOCK 52
1843,304AC76773081000,F-16C PEACE BRIDGE
1844,B30A9BB763101000,F 35 DRAKEN
1845,B179E7B87B711000,MISTRAL
1846,0652C2781C9B1000,FALLSKJERMJEGER
1847,027CE5EA7DAB1000,FERRET Mk.1 #reco1
1848,4B97C12667C61000,Fla-Kom OSA
1849,0362585067C61000,Fla SFL 57-2
1850,6A9CCFA6ACDE1000,#command FREMANTLE
1851,F8ADBAB18BEB1000,FUSILIERS
1852,9BE4C7FFEFDE1100,#command GRIZZLY CP
1853,30AADF5E63601200,HN-5C Truck
1854,2EACFB3A9E9B1200,#command HATSUYUKI
1855,5DC77D4320581300,IL-102
1856,F0AA2FB89BC71300,ILTIS Aufk. #reco2
1857,DE72E96DA32D1400,CHU-MAT
1858,B79ACFBAA42D1400,M67-HAN
1859,82A2D6BEA72D1400,PSAM
1860,4642A755CA9A1400,PALR MILAN 2
1861,0217DDA6CE9A1400,JAGUAR GR.1
1862,F1EA72D552311500,kbk AKM
1863,15E825D3D5491500,KHS Mi-8TB
1864,D1B024C5F56B1500,KPz M48A2G
1865,2E4EA7B329D31500,KOMANDOSI
1866,3F8ADF3A3CD31500,PT?S KONKURS
1867,DA4279CBA5FB1500,MITSUBISHI MAT
1868,B3BBC6AAA30C1600,L-29R DELFIN
1869,6BAC3A1DA70C1600,L-29RS DELFIN
1870,E6192F0BA9101600,L-39ZA ALBATROS
1871,B7BAD31CA8711600,LRPV ROVER #reco3
1872,6A9EABBEB99A1600,#command LA FAYETTE
1873,44B7D35C3A9B1600,#command ROVER KPV
1874,D5B7D35C3A9B1600,#command ROVER CP
1875,1C84DE6A8CAA1600,LECLERC
1876,4386198B40AB1600,LEOPARD 1A5NO2
1877,4293DE664DAB1600,LEOPARD C1
1878,DF1249C610081700,M1025 HUMVEE M134 #reco1
1879,55C60D8B12081700,K55
1880,C212118B12081700,PzH M109A3GA1
1881,DA420D4B20081700,203 SP
1882,61E6090B21081700,M150
1883,24B6088B31081700,M125A1
1884,E0020D8B60081700,M151A2 FAV #reco3
1885,61E60D8B60081700,M151A2 TOW
1886,1916669E60081700,M151A2 TOW-2
1887,B27C0482100C1700,M201 106mm
1888,D8624D97100C1700,M201 MILAN
1889,2D6EC6D0100C1700,M202 Flash
1890,1C747156800C1700,M270 LRM
1891,BE1AA7E6CD0C1700,M2 BRADLEY IFV
1892,848335C292101700,#command M38A1 CP
1893,BE1AA7E6CD101700,M3 BRADLEY CFV #reco2
1894,796E6AC292141700,M48A1
1895,55C655C492141700,M48A3K
1896,55C655C692141700,M48A5K
1897,796E6AC692141700,M48A5 USMC
1898,24B6080B82181700,#command M577A1
1899,347B9B8D301C1700,M621 LOGK
1900,30AADF9E301C1700,M621
1901,306F4A1332201700,M727 I-HAWK
1902,61E64DD271281700,M966 HUMVEE TOW-2
1903,1516594160381700,MD 500D AGS-17
1904,B79ABBB54E391700,MD JUPITER
1905,D334D3AC793B1700,CAVALRY SCOUTS #reco2
1906,DDA72D4E70481700,MH-60L DAP
1907,5DC77D70314C1700,MI-24K #reco3
1908,C5D0918D314C1700,Mi-25 S-24
1909,B90AA334574C1700,Mi-4 S-8
1910,556755A0974C1700,THS Mi-8TV
1911,CB00CD66EC5E1700,ATGM MILAN F3
1912,C222DC6A7A9B1700,MARDER 1A1
1913,C322DC6A7A9B1700,MARDER 1A2
1914,C422DC6A7A9B1700,MARDER 1A3
1915,15665DC410B91700,MIG-23ML
1916,EA0D4188C0BA1700,MiG-17F
1917,F26D428AC0BA1700,MiG-19PM
1918,8BC35DC2C0BA1700,MiG-21M
1919,648331C4C0BA1700,MiG-23BN
1920,740C5DC4C0BA1700,MiG-23ML
1921,4E645DC4C0BA1700,Mig23MLS
1922,8BC35DC4C0BA1700,MiG-23ML
1923,740C69C4C0BA1700,MiG-23MLD
1924,68AC43CAC0BA1700,MiG-29S
1925,3D0D5D02C1BA1700,MiG-31M
1926,4B46A8AC79BB1700,MIRAGE IIIO(A)
1927,5046A8AC79BB1700,MIRAGE IIIO(F)
1928,74AE2F657ED31700,Automatic Mortar
1929,EEFCDD667ED31700,Mortar Carrier
1930,B83ABBB779551800,JEOGOCKDAE
1931,F8ADD6B5D9551800,GONGBYONG
1932,8319AB77DE551800,STRELA-2
1933,A63B9B6847281A00,P93 SCANIA
1934,39CD9A10672D1A00,PALR FAGOT
1935,FACBCE74DB341A00,CHONG-JU
1936,BBD91881B0581A00,PLA 105
1937,D5B2741913721A00,9K33M2 ROMB
1938,55DB39CC81781A00,PT-76B DshK #reco1
1939,39CD9A10F7791A00,PTUR FAKTORIYA
1940,B7AA9BEC3FBB1A00,PINZGAUER
1941,74AE2F656AEA1B00,Quad Autocannon
1942,306F4AC8D1311C00,RBS 67 HAWK
1943,037CCD01D2311C00,RBS 70 Mk.2
1944,57B52C5DB6381C00,Fla-Kom OSA-AKM
1945,D77CD35EB9401C00,TORNADO MFG
1946,8419AB77DE551C00,PZRK STRELA-3
1947,C600424B55651C00,KAFV 25
1948,8102424B55651C00,KAFV 90 #reco1
1949,56C321C755651C00,JIKSA-HWAGI-BAN
1950,AAAFA62A57651C00,HYU-SAM REDEYE
1951,78AED36857651C00,SUSAEK-DAE #reco2
1952,24B6DCAA5B9B1C00,TRACKED RAPIER
1953,4B07DDAA5B9B1C00,TRACKED RAPIER FSA
1954,57D7B5BF7AEA1C00,KRK RUBEZH
1955,CC81781AA9691D00,SchwPz PT-76B #reco1
1956,8D266817436A1D00,SPz BMP-1 P/c
1957,15262CD6C3791D00,BRDM-2 STRELA-1
1958,D5A73533DD9B1D00,#command AT105C
1959,41222CA28EBB1D00,XA-180
1960,81B29FB57BE71D00,#command STRIPBV 90
1961,56A611D730E81D00,Su-22M4
1962,99A615D730E81D00,Su22M4P
1963,8BC315D730E81D00,Su-22M4
1964,79EE42D730E81D00,Su-22M4P
1965,B30A695731E81D00,Su-24M
1966,2C7D439E31E81D00,Su-25T
1967,F06CC61032E81D00,Su-27S
1968,B319431732E81D00,Su-27M
1969,93D4541D32E81D00,SU-27SK
1970,B5EAF8715DEB1D00,F.O.B.
1971,EAEDAEECECF21D00,Swingfire
1972,6ABCBA9C70181E00,QBZ-56-I
1973,48729F1933201E00,T-72B Obr 1987
1974,4A729F1933201E00,T-72B Obr 1989
1975,70EC86C235201E00,T-72M2 WILK
1976,5DC77DD717241E00,T-80UM
1977,381DD39521241E00,T815 KOLOS
1978,DA425D4B379B1E00,TAN-SAM SHORT ARROW
1979,4290CFE669DE1E00,Trabant01
1980,88D045CBECF21E00,Twin AGS-17
1981,74AE2FE5ECF21E00,Twin Autocannon
1982,D38410815AFB1E00,HUJIAN
1983,EE0D09835AFB1E00,#command TYPE 21
1984,93D418865AFB1E00,ZZC-55 #reco1
1985,93D41C865AFB1E00,ZZC-56  #reco1
1986,91C61D865AFB1E00,Type 56
1987,DA4205875AFB1E00,RENSOU 106mm
1988,DA4209875AFB1E00,ROKU-ICHI SHIKI
1989,93D40C875AFB1E00,ZTQ-62  #reco1
1990,93D410875AFB1E00,PGZ-63
1991,91C629875AFB1E00,Type 69
1992,93D404885AFB1E00,PLZ-70
1993,DA4215885AFB1E00,105 SP
1994,DA4219885AFB1E00,155 SP
1995,93D420885AFB1E00,ZBD-86
1996,93D404895AFB1E00,Deprec! ZTZ-80
1997,93D408895AFB1E00,PHL-81
1998,93D410895AFB1E00,PLZ-83
1999,DA4221895AFB1E00,HACHI-NANA SHIKI #reco1
2000,93D424895AFB1E00,ZTZ-88
2001,57D725895AFB1E00,SEA BUSTER
2002,DA4229895AFB1E00,HACHI-KYU SHIKI
2003,DA421D8A5AFB1E00,KYU-ROKU WAPC
2004,A0562947412E1F00,UAZ-469 KPV #reco1
2005,DA422D5470481F00,UH-60P
2006,B8D9C2B71E551F00,GURKHAS
2007,03842DD674551F00,MILAN 2
2008,A003064AD7711F00,VDV '90
2009,B83ABBB779751F00,US MARINES
2010,24B6B0B4ECCE1F00,UNIMOG
2011,2A4CCB5DEECE1F00,Smoke
2012,EA6E5EB49ABA2000,Missile Air-Sol Maverick
2013,6AEA76B49ABA2000,Missile Air-Air Sidewinder
2014,FA6DC2A989FB2000,VÝSADKÁ?I
2015,24B6780B73652100,ROVER WOMBAT
2016,93D42494A4902100,Z-9A HJ-8
2017,EC4D4309019B2300,YAK-38
2018,9EF52D5DB7182400,Z-5A
2019,2EEACE3F1D9B2400,ZÁLOŽNÍCI
2020,D5379B320EDF2600,CHIEFTAIN MARKSMAN
2021,C3A204C2359B2800,M109A2 R.C.H.A.
2022,C34208C2359B2800,M113A1
2023,C2620CC2359B2800,M125
2024,A75E0D4235FC2800,KUB-M
2025,33ED6A4837FC2800,2S7 PIVONKA
2026,D7327859D5FD2800,OT-64C
2027,8C7214E4F2FD2800,#command VELITELSKÉ UAZ
2028,B31E956E7E2F2900,Description not available
2029,F46CA274AE2F2900,Quick-firing guns of small caliber (usually 20mm to 30mm)
2030,B7FAE72E4F4B2900,Howitzer
2031,32E3EA116E5A2900,Laser guided bombs anti-personal bombs fired and guided to target like any AGM. But they are only dealing damages to unarmored targets
2032,E8AC9B56C95D2900,Multiple Launch Rocket Systems are artillery units firing quick volleys of heavy rocket. A saturation weapon
2033,2D3AEBA6555E2900,Description not available
2034,B31E95B36B5E2900,Main Gun or Tank Gun are designed to fire either or both anti-tank and anti-personel rounds on a direct trajectory
2035,74AE2FE56E622900,Quick-firing guns of small or medium caliber (usually 20mm to 80mm)
2036,D12595A9A96F2900,Description not available
2037,2D3AEBA655722900,Rocket launchers used by engineers and assault troops are firing incendiary rockets
2038,5C19BB34AA722900,Recoilless Rifles are anti-tank weapons of old design. More cumbersome than infantry LAWs
2039,5199AAF1EA722900,Description not available
2040,295D975EC5752900,Smoke rocket pods works the same as regumar rocket pods
2041,D12595B3CB7B2900,Description not available
2042,D17595B3CB7B2900,Medium-Machine Guns are mounted on vehicles and provide them not only with extra firepower
2043,C24208C2359B2900,M/113A1
2044,C2620CC2359B2900,M/125
2045,93D40483A0182A00,PTZ-59
2046,93D42CD3A4182A00,Type 59-I
2047,037CCDAE99AF2A00,CHIEFTAIN Mk.2
2048,067CCDAE99AF2A00,CHIEFTAIN Mk.5
2049,C2ADFEB359A72C00,RAKETENJAGDPANZER 1
2050,C3ADFEB359A72C00,RAKETENJAGDPANZER 2
2051,1C347899A4C63100,GAZELLE 342M HOT 2
2052,15364D13DD9A3200,CH'ONMA-HO IV
2053,C27204C275D33300,NM106
2054,C24208C275D33300,NM113
2055,C2620CC275D33300,NM125
2056,CA5190CB17D33500,UAZ-469A ZWIAD. #reco2
2057,067CCDB47BEB3900,CENTURION Mk.5
2058,077CCDB47BEB3900,CENTURION Mk.6
2059,8E14D59D2C0F8600,DANA
2060,3A3BEBDE350CD500,2K22 TUNGUSKA-M
2061,B8CECEBA370CD500,2K22 TUNGUSKA
2062,9709E7BA1F9BD700,BRDM-2 MALUTKA-P
2063,9809E7BA1F9BD700,BRDM-2 MALYUTKA
2064,9A09E7BA1F9BD700,BRDM-2 MALYUTKA-P
2065,B0FBA73F1D09DD00,2S1 GO?DZIK
2066,B09BFEF41E09DD00,2S1 GVOZDIKA
2067,BE8BE726BC10DD00,2S3 AKATSIYA
2068,2E9E9BF07211DD00,2S3M AKATSIYA
2069,A63BD3BCAB21DD00,2S7 PIWONIA
2070,D702690FA7CAEA00,Deprec! COMMANDOS PARA '85 #reco2
2071,E96CC62DEB4A0602,HIGHLANDERS
2072,778EDF744E5F8102,MOTOSTRELKI '90
2073,A74C73C445109502,9K33M3 ROMB
2074,57B52C5D46109502,9K33 OSA-AKM
2075,66ACDE7967109502,MT-LB STRELA-10M
2076,B79ACE7AEB05C202,A-10A THUNDERBOLT II
2077,24B6E8AD5955C502,A-4K KAHU
2078,24B6B43EDC55C502,A-4K SKYHAWK
2079,306FB63EDC5DC502,A-4M SKYHAWK II
2080,03CC9BAD0F77C502,A-4F SKYHAWK II
2081,B3D9A2B3894DC602,A-5I
2082,EC6CB6E86C62C602,A-5
2083,6AAADFF93C41C702,A-6E TRAM INTRUDER
2084,B79AEA773E4FC702,A-6A INTRUDER
2085,C3ED9AF84D37C802,A-7E CORSAIR II
2086,6E67DE27DD08D202,AH-1 COBRA SIDEWINDER
2087,27DD986AE709D202,AH-1T SEACOBRA IP
2088,CDADD67A170AD202,AH-1W SUPERCOBRA
2089,6A8B9AF5521CD202,AH-64A APACHE
2090,273BD396531CD202,AH-64D LONGBOW #reco3
2091,81F12D462088D702,AMX-13 AU 105mm
2092,66EC5E5A2088D702,AMX-10P/MILAN
2093,B7DE355C2088D702,AMX-10 RC SB
2094,F3ACDE4C4088D702,AMX-30B2 BRENNUS
2095,746CEE4C4088D702,AMX-30B
2096,A62CD34DA090D802,COMMANDOS '90
2097,2ACBBA4EA090D802,DIGGERS '90
2098,A66E77CED590D802,#command TAC HQ
2099,E96CCA32DD90D802,COMMANDOS
2100,F8ADB2ACEB90D802,DIGGERS
2101,B7EACEB4AB91D802,ASSAULT PIONIERS
2102,6AAD77D04010DD02,AS 332F SUPER PUMA
2103,DD302C4C6010DD02,AS.350 #reco2
2104,6D3E9B9A7118DD02,AS565 PANTHER
2105,F96C6ACC7518DD02,AS565 MB PANTHER
2106,ADBA9B371328DD02,AS-90
2107,24B61803B858DD02,ASLAV-25 #reco1
2108,60071903B858DD02,ASLAV-25 FSV
2109,61E61903B858DD02,ASLAV-25 TOW-2
2110,24B6341AB858DD02,ASLAV-PC
2111,33CD9AB77345DE02,Deprec! LIGHT RIFLEMEN '90
2112,D06CC6EE7545DE02,ATGM MILAN F1
2113,AA7BDFA6C424E002,AV-8B HARRIER II
2114,AA7BDFA6D424E002,AV-8C HARRIER
2115,B7EADEB72925E002,AV-8A HARRIER
2116,B7C9EA74A345E002,COUGAR RECON #reco1
2117,F1FFBB77A445E002,GRIZZLY
2118,24B6E41DEEEEF102,STOLLY
2119,7C6CE61DEEEEF102,ALVIS STALWART
2120,B17BAAEEE9AEF202,AMFIBIEBIL 101
2121,ECFCE4B16EE2F802,ASSAULT ENGINEERS
2122,C2C531BF06AFFA02,AufkPz BRM-1 #reco3
2123,E4F2FD500CAFFA02,AufklFz UAZ #reco2
2124,B20ABB77DE350B03,BAC STRIKEMASTER
2125,865AFBF9200C1403,BJ212 ZC #reco2
2126,B3C99AF7870C1703,BM-27 URAGAN
2127,2D7AAB7217101703,BM-30 SMERCH
2128,8BC30D5A27681703,SPz BMP-1 SP-2
2129,4672DC272D681703,BMP-685
2130,38EECA3436681703,SPz BMP-2
2131,8922DC273D681703,BMP- 2 Obr. 1986
2132,26FCAB7307FE1A03,BPzV SN?ŽKA #reco3
2133,173CD3D570391C03,BRDM-2 KONKURS-M
2134,3A3CD3D570391C03,BRDM-2 KONKURS
2135,827AE7DD70391C03,BRDM-2 STRZA?A-1M
2136,B17AE7DD70391C03,BRDM-2 STRELA-1M
2137,74AE7BDF70391C03,Deprec! #command BRDM-2U
2138,746CB66480701E03,BTR-70 ZHALO
2139,5DC77D4B90701E03,BTR-80A
2140,397DD29CC3711E03,BTR-RD ROBOT
2141,BF7AC39D43721E03,BTR-ZD SKREZHET
2142,15562E4151721E03,BTR-40A #reco1
2143,8DD579C110182303,#command BY5020TSL
2144,5C8615C110C72A03,BELL 204
2145,24B61CC110C72A03,BELL 206 #reco2
2146,5C860D4211C72A03,BELL 412
2147,74FFE4AA1BDF2A03,BERLIET EXOCET
2148,372D318D11083403,Bo 105M/VBH #reco2
2149,82B4689A11083403,Bo 105P/PAH-1
2150,BB999B7B07FE3503,BPzV SVATAVA #reco3
2151,57D6F86A9C9A3703,COMVAT
2152,B37AB3B89ACE3A03,BGS #reco2
2153,B7CACEE6DDE23A03,BUSHRANGER
2154,6B9B9B9A91604B03,Deprec! PATHFINDERS '85 #reco2
2155,4232D3B8CB604B03,BISON 81MM
2156,A66EE3CED5604B03,#command COMMAND SQUAD
2157,EEADE7B3DA604B03,CENTURION Mk.5AT
2158,B5DEA9B70B614B03,ERYX
2159,5A83BB793C614B03,#command ILTIS CP
2160,6887BB793C614B03,ILTIS SCOUT #reco3
2161,CF3534B46A614B03,LEOPARD C2 MEXAS
2162,A68CC3B779614B03,CENTURION MARKSMAN
2163,B93ADFB494085003,CF-188 HORNET
2164,1F4BDFAD76145203,CH-46 PHROG
2165,0BCDDE6683145203,CH-47C CHINOOK
2166,24B6B86D83145203,CH-47C CHINOOK
2167,343DBB6D83145203,CH-47C CHINOOK
2168,CDADD67A87145203,CH-47C SUPER CHINOOK
2169,6ABCBA9C914C5203,ZHÀNSHÌ '85
2170,B37B9B57A04C5203,LÙ ZHÀNDUÌ '90
2171,E94DF35DA04C5203,LÌ JIÀN '90
2172,A66EE3CED54C5203,#command ZHIHUIBAN
2173,B83ABBB7794D5203,LÙ ZHÀNDUÌ
2174,F8ADB2B3C94D5203,LIÈ RÉN #reco2
2175,EA7EABB8CA4D5203,Y?BÈIYÌ
2176,AAACC6ABCB4D5203,ZHÀNSHÌ
2177,F8ADD6B5D94D5203,FÁNG HUÀ B?NG
2178,6A3EEB12EC4D5203,TÁNKÈ SH?SH?U
2179,52330803C5385703,#command BJ212
2180,EEADE7B3DA385703,#command FFC CENTURION
2181,66BEAA6EDB385703,#command CMD CHIEFTAIN Mk.10
2182,AD29CF74DB385703,#command CH'ONMA-HO CV
2183,55C621C850395703,#command K277 JIHWI-CHA
2184,192708C255395703,#command K111 JIHWI-CHA
2185,C24208C255395703,#command M113A1 JIHWI-CHA
2186,E96DD6B46A395703,#command PzBefWg LEOPARD 2
2187,82B4F4B36F395703,#command  LYNX AH.1 CP
2188,19472C4971395703,#command M48A3 JIHWI-CHA
2189,19662C4971395703,#command KoVogn M48A5
2190,4420EC77DE395703,#command STRISTRV 103B
2191,9372A8B5EF395703,#command ZZZ-59-I
2192,1481A8B5EF395703,#command NANA-SAN SHIKI CV
2193,5481A8B5EF395703,Deprec! #command NANA-YON C SHIKI CV
2194,CD90A8B5EF395703,#command HACHI-NI SHIKI CV
2195,987214E4F2395703,#command UAZ-469B
2196,46329B6E6ACE6603,CANADIAN RIFLES '85
2197,2E379B6E6ACE6603,CANADIAN RIFLES
2198,047CCD6A1C9B6D03,CHALLENGER 1 Mk.3
2199,B7CACE6A1C9B6D03,CHALLENGER 1 Mk.1
2200,107EEB2A8E9B6D03,CHASSEURS '85
2201,4223C1343DBB6D03,CHINOOK HC.1
2202,D344B7A63CD36D03,CH'ONMA-HO II
2203,1546B7A63CD36D03,CH'ONMA-HO
2204,B94933B979CA7403,STRB 90 H
2205,A9A9DBB873359503,#command STABSDELING
2206,F76D86264FBB9503,OH-58D KIOWA Wr. #reco3
2207,2A7AD39099C7AA03,DELTA FORCE
2208,9DC9D3F96CE2AA03,SAPERZY SZTURMOWI
2209,4630DCAA3BDFB403,DORNIER 205
2210,B71AF3F4AD1DCB03,EA-6B PROWLER
2211,ACD91550A034DC03,ERC-90 SAGAIE
2212,F8ADABB76BC6E803,ZWIADOWCY #reco2
2213,6ADEB2EE4ADFFA03,EUROFIGHTER TYPHOON
2214,EB6DE65D54040204,F-104G STARFIGHTER
2215,EE7A9B7957040204,F-104G STARFIGHTER
2216,24B6947823080204,F-111C
2217,2AECDE79F7180204,F-15D EAGLE
2218,028CD231B31C0204,F-16A BLOCK 15
2219,0C8CD2F1D91C0204,KF-16C
2220,6EDEB22EF41C0204,F-16C FIGHTING FALCON
2221,E1ACC2E6ED180404,F 35 DRAKEN WDNS
2222,329DCF66AB3D0504,F-4E PHANTOM II
2223,329DCF66AB410504,F-4F
2224,329DCF66AB510504,F-4J PHANTOM II
2225,329DCF66AB750504,F-4S PHANTOM II
2226,EC6CFAB3DA760604,F-5
2227,B3E9CF6ADB310704,F-6C
2228,7ACACE6ADB300804,F-7B
2229,340CD37E051D0904,F-86F KYOKKO
2230,EA7CD3D292080B04,F/A-18A HORNET
2231,EA7CD35293080B04,F/A-18C HORNET
2232,EA7CD3D293080B04,F/A-18E SUPER HORNET
2233,B93ADFB494080B04,F/A-18A HORNET
2234,B789E3BA64241C04,HUSSARDS '85 #reco2
2235,B37B9B179D361C04,COMMANDO-MARINE
2236,378D764220801D04,SCORPION LIGHT TANK
2237,24B6A09D10082004,SCORPION 90
2238,F54DA39D10082004,FV101 SCORPION #reco1
2239,B07BE7DD10082004,FV102 STRIKER
2240,F96DD61D11082004,FV103 SPARTAN #reco2
2241,661EEB9D11082004,#command FV105 SULTAN
2242,AEECA21D12082004,FV107 SCIMITAR #reco1
2243,6A7A9BDC40142004,FV432 RARDEN
2244,379D770441142004,FV4333 STORMER
2245,397D9E0B41142004,FV433 ABBOT
2246,341A9B5041142004,FV434 FALCON
2247,EE7D9B6120182004,FV510 WARRIOR
2248,EE7D9BA120182004,#command FV511 WARRIOR
2249,A9199B9D101C2004,FV601 SALADIN
2250,A8799B1D111C2004,FV603 SARACEN
2251,EA7DAB9010202004,FV701 FERRET #reco1
2252,EA7DABD020202004,FV712 FERRET #reco2
2253,F2EDB6281EC72604,FJB-40
2254,B87C9B301EC72604,FALLSKÄRMSJÄGARE #reco2
2255,F2ADBE301EC72604,FALLSKJERMJEGER '90
2256,B21C0CA83ACF2A04,FENNEC 20mm
2257,034F7BA83ACF2A04,FENNEC TOW-2
2258,B7DA9A353EDF2A04,FERNSPÄHER #reco2
2259,663E3FB97ADF2A04,FERRET ENTAC
2260,CB005FB97ADF2A04,FERRET Mk.2 #reco1
2261,66CC4EB0C9993104,Fla-Kom IGLA-1
2262,5C6A72B0C9993104,FRR ROLAND 2
2263,819077B0C9993104,Fla-Kom STRELA-10M
2264,EA9D77B0C9993104,Fla-Kom STRELA-2
2265,B1DB76BF069B3104,Fla-SFL 23/4W1
2266,46E6FD9A2C9B3104,FlammPz TO-55
2267,9CBEEA10DEA23A04,#command FUCHS Füfu
2268,CB87B3B37EB73A04,#command FÜHRUNGS UAZ
2269,B21C0C8205756104,GW-SFL TUNDSCHA
2270,268EEBAD9ADE6604,SPEJDERNE #reco2
2271,82B4A871ACFE6604,GAZELLE AH.1 #reco3
2272,328DAAA9EACE6A04,PIONEERS
2273,F3ACCAB76AEE6A04,GEVÆRMENN '90
2274,B92AD3B9399B7704,GRANÁTOMET AGS-17
2275,2A8C9AD4ACAA7704,GREEN JACKET #reco2
2276,744AFBAE24099F04,UH-1H
2277,AA2CAB6F7BABA604,HÆR HJEMMEVÆRNET
2278,0217DDAA7BDFA604,HARRIER GR.1
2279,0417DDAA7BDFA604,HARRIER GR.3
2280,0617DDAA7BDFA604,HARRIER GR.5
2281,0817DDAA7BDFA604,HARRIER GR.7
2282,7A8BE2B929BBAA04,HEIMATSCHÜTZEN
2283,EA7CABBB2ABBAA04,LHV
2284,B93ADFAAB9CBAA04,HEMVÄRNSMÄN
2285,B79ACE66DCB2AE04,HIGHLANDERS '90
2286,DD90BBB73A9FBE04,HIBNERYT ZUR-23-2S
2287,1F99BBB73A9FBE04,HIBNERYT ZU-23-2
2288,AC9AE7748EA7F104,ILDSTOTTEGRUPPE
2289,3C0DEB10EEE6F104,#command ILTIS KdoW
2290,8235B917EEE6F104,ILTIS MILAN 1
2291,8335B917EEE6F104,ILTIS MILAN 2
2292,EEEBBEB3E9520305,J-5
2293,B8799B5AA0680B05,K?TEI '90
2294,2A3B9B5CA0680B05,Deprec! JSDF RANGERS '90 #reco2
2295,6ABCBA5CA0680B05,SYOUJY?-BUNTAI '90
2296,A66EE3CED5680B05,#command HONBU-HAN
2297,F7A2E274DC680B05,KIN-SAM CLOSED ARROW
2298,AA3ABBECFC680B05,HUDOU-REN
2299,F8ADB2B3C9690B05,JSDF RANGERS #reco2
2300,AAACC6ABCB690B05,SYOUJY?-BUNTAI
2301,B7CACE6EDE690B05,STINGER
2302,93D4CCA62B221205,JH-7 FEIBAO
2303,B329CB7495B22605,PALR MILAN
2304,8BC045B7A9B32605,JAGUAR GR.1A
2305,8BB004C555AB2A05,ROVER MILAN
2306,24B604C555AB2A05,JEEP M40
2307,55C6D1ADCB044405,K30 BIHO
2308,DCADA6B3DE7A4A05,K9 THUNDER
2309,EC4CB32AF5185005,KF-5E JEGONG-HO
2310,5C98799320085705,K113 I-TOW
2311,1917669E20085705,K113 TOW-2
2312,4720080B21085705,M113 106mm M40
2313,9937090B21085705,KM113A1 I-TOW
2314,55C6090B21085705,KM113A1
2315,61E6090B21085705,KM113A1 TOW
2316,347B9B68600C5705,K-511 CARGO
2317,30AADF79600C5705,K-511
2318,1C8DAA7710285705,KM900 #reco2
2319,43342C4971FD5A05,KPz M48A2G2
2320,0BB54C1312086005,KV-107 SHIRASAGI
2321,C3407CE46FCA6605,URAL ZU-23-2
2322,2EDFA2F85ACB6605,KAMPFSCHWIMMER #reco2
2323,75CA9AEF4CCF6605,KANONENJAGDPANZER
2324,FA42A7B329CB7405,SPEZIALAUFKLÄRER #reco2
2325,3F7AE1B70ECF7405,PT?S KONKURS-M
2326,8C702D86E1FD7505,KPz T-55AM1PB
2327,CC702D86E1FD7505,KPz T-55AM2PB
2328,B7C9AAE69BE37A05,KUSTJÄGARE
2329,0B25CB4720E87E05,MITSUBISHI 106mm
2330,94B75C7ADBE87E05,MITSUBISHI CHU-MAT
2331,94B75CBA4FE97E05,MITSUBISHI JYU-MAT
2332,6ECDD331E32C8B05,LAAD BLOWPIPE
2333,B91ACBA6E42C8B05,LLRkt HAMLET
2334,AAAFA62AE72C8B05,LAAD REDEYE
2335,2A3BBB79E72C8B05,LAAD STINGER A
2336,B94EA39D31808B05,LAV-25 SCOUT #reco1
2337,5EB7404190089905,LO-1800 FASTA-4
2338,F9ACDEAA066A9C05,LRPV PERENTIE #reco3
2339,B26CC6AB8ACEA605,M9
2340,CBB54033EDB2AA05,LEGION '90
2341,748BAA9A09B7AA05,LEHKA PECHOTA
2342,2DDAA9798BBAAA05,LEICHTE SCHÜTZEN
2343,07A20842B7D0AA05,LEOPARD AS1
2344,43A20842B7D0AA05,#command CMD LEOPARD AS1
2345,46A20842B7D0AA05,LEOPARD AS1+
2346,19262C8259D3AA05,LEOPARD 1A1NO
2347,C222A4B759D3AA05,PzAufk LEOPARD 1A1 #reco1
2348,C322A4B759D3AA05,LEOPARD 1A2
2349,C422A4B759D3AA05,#command PzBefWg LEOPARD 1
2350,C522A4B759D3AA05,LEOPARD 1A4
2351,C622A4B759D3AA05,LEOPARD 1A5
2352,9523A4B759D3AA05,LEOPARD 1A3-DK
2353,1926A4B759D3AA05,LEOPARD 1NO
2354,C232A4B759D3AA05,LEOPARD 2A1
2355,C532A4B759D3AA05,LEOPARD 2A4
2356,C632A4B759D3AA05,LEOPARD 2A5
2357,E9ED326A9CE7AE05,AH-6C LITTLE BIRD
2358,81A2A6B7C9EEAE05,LIVGARDEN '85
2359,61E609D2D2CFBE05,LYNX AH.1 TOW
2360,723020D2D2CFBE05,LYNX AH.7 20mm
2361,61E621D2D2CFBE05,LYNX AH.7 TOW 2
2362,8A005F923104C205,M1025 HUMVEE Mk.19 #reco1
2363,EA2EEB923104C205,#command M1025 HUMVEE CP
2364,666C6AC7A204C205,M109A6 PALADIN
2365,7FEEF2B4A404C205,M109
2366,2E4F4BC31208C205,M110A2
2367,7FEEF2B41408C205,M110
2368,9C2C1F814008C205,M113 106mm M40
2369,011110C24208C205,M113A1 30/30
2370,811110C24208C205,M113A1 30/50
2371,AC793BC24208C205,M113A1 DRAGON
2372,0BD841C24208C205,M113A1 FSV
2373,0BC859C24208C205,M113A1 LRV #reco1
2374,0BC85DC24208C205,M113A1 MRV #reco1
2375,EEECCAC24208C205,M113A1 MINIGUN
2376,6AAD77C44208C205,M113A3 SUPER DRAGON
2377,FDEC5B5C4308C205,M113 C&R LYNX #reco1
2378,A87AD7AA4308C205,Deprec! M113_DEPREC
2379,0BB658D34508C205,M113 MILAN
2380,9EF75DC22218C205,M151A2 MUTT #reco2
2381,3A8D76C22218C205,OPKLARINGS M/151 #reco2
2382,61E64DC32218C205,M151A2 I-TOW
2383,9DB380C2421CC205,M163 VULCAN
2384,9DB380C3421CC205,M163 CS
2385,9DB38093461CC205,M163 PIVADS
2386,D1B268DDA028C205,M1992 SPAAG
2387,B86CDEE7222CC205,M1A1 ABRAMS
2388,E67D2E8B242CC205,M1A1(HA) ABRAMS
2389,E67D2E8D242CC205,M1A1(HC) ABRAMS
2390,B86CDEE7322CC205,M1A2 ABRAMS
2391,BA87CBE67D2EC205,#command CMD M1 ABRAMS
2392,B86CDEE7A24DC205,M1IP ABRAMS
2393,D5D771D61520C305,M270 MLRS
2394,6A9C9A37232CC305,M2A1 BRADLEY IFV
2395,6A9C9A37432CC305,M2A2 BRADLEY IFV
2396,ECECCE3C7D33C305,M2 Browning
2397,177EEBF04C57C305,BRDM-2 KONKURS-M
2398,6A9C9A37232CC405,M3A1 BRADLEY CFV #reco2
2399,6A9C9A37432CC405,M3A2 BRADLEY CFV #reco2
2400,6A8EEB8EB00CC505,FLAKPZ. M42A1
2401,D4ADE6B8EE0CC505,M42 AAG
2402,F76DD666DB24C505,M48 CHAPARRAL
2403,266BDE9A6210C605,M53/59 PRAGA
2404,A97BAB6D2718C605,M551 ACAV #reco1
2405,EC5EA7328C20C605,#command M577 KPV
2406,A6D6658BB004C705,M60A1 AOS
2407,DDB7708FB004C705,M60A1 ERA
2408,749E9B9AB004C705,M60A1 USMC
2409,DAD34D9CB004C705,M60A1 RISE PATTON
2410,9D2C07C3B004C705,M60A2E2 STARSHIP
2411,F86DE6DDB004C705,M60A2E1 STARSHIP
2412,749E9B1AB104C705,M60A3 PATTON
2413,E272ABB5DE05C705,SUPER M60
2414,745DBBA4B020C705,M67A1 ZIPPO
2415,B87BB32A4E5FC705,M6 MOSEGRIS
2416,8406F3A6840CC805,M727 I-HAWK PIP III
2417,9306F3A6840CC805,M727 I-HAWK PIP II
2418,0ECC9BD2840CC805,M/727 I-HAWK
2419,1CCC9BD2840CC805,M727 I-HAWK
2420,5FE84DC22204CA05,M901A1 ITV
2421,B7CACE6EDE11CA05,LLRkt M/93
2422,AABACBBA9428CA05,M998 HUMVEE
2423,26AF62446190CB05,MAZ-543 NEWA-SC
2424,1C4F7B531018CE05,MD 500 I-TOW
2425,2A8CD25C1018CE05,MD 500D S-5
2426,B94EA35D1018CE05,SCOUT DEFENDER #reco1
2427,338DEB5D1018CE05,MD 500D SUSONG-PO
2428,E8ADE66EAD53CE05,V-LKV MD JUPITER
2429,503ABB92560CD305,Mi-24P
2430,4F3ABB12580CD305,Mi-24V
2431,28BD9BD2920CD305,Mi-28
2432,66AEFEB7E60CD305,#command MI-2D PRZETACZNIK
2433,AF2B9318F70DD305,Mi-2 URN ?MIJA
2434,EE1C451AF70DD305,Mi-2 URP-G GNIEWOSZ
2435,666C761AF70DD305,Mi-2 URP SALAMANDRA
2436,CBB2389C6610D305,DHS Mi-24P
2437,748DCFE6ED15D305,Mi-4T
2438,B5DBE2B31E25D305,Mi-8 GUNSHIP
2439,E65D5DC4C058DE05,MT-LB 23M KRAK
2440,F2ADE76DC758DE05,MT-LB SHTURM-S
2441,6AECE226C858DE05,MT-LB VASILEK
2442,0BC40DB79ADEE605,MARDER 2
2443,849571B79ADEE605,FRP ROLAND 3
2444,8B9571B79ADEE605,FRP ROLAND 2
2445,42E781B79ADEE605,MARDER VTS1
2446,2AABBEEAECDEE605,MARINEJEGER #reco2
2447,D5379B320EDFE605,CHALLENGER MARKSMAN
2448,1576419A3044EE05,MIG-21PFM
2449,1586BBA73044EE05,MIG-21Bis
2450,EA0D411A22B0EE05,MiG-17PF
2451,2E84BB8C30B0EE05,MiG-21MF-75
2452,9986BB8C30B0EE05,MiG-21Bis
2453,0E87BB8C30B0EE05,MiG-21Bis LAZUR
2454,56A6419730B0EE05,MiG-21MF
2455,8BC3419730B0EE05,MiG-21ML
2456,2DEE429D30B0EE05,MiG-21SMT
2457,B80B5D9D30B0EE05,MiG-21Bis
2458,740C610C31B0EE05,MiG-23MF
2459,8BC3610C31B0EE05,MiG-23BN
2460,8BC3411731B0EE05,MiG-23ML
2461,1C1AEB9032B0EE05,MiG-29 9-13S
2462,68AC439532B0EE05,MiG-29K
2463,68AC439D32B0EE05,MiG-29M
2464,41100C2A6BDEEE05,MIRAGE 2000C RDI
2465,C120402A6BDEEE05,MIRAGE F1C-200
2466,AA66FA268CDFF405,MORSKAYA PEKHOTA
2467,B17AE7F84DE7F405,MOTOSTRELKI
2468,EAECDEE615281506,JEOGOCKDAE '90
2469,A9A9DBB873351506,#command JIHWI-BAN
2470,EB3CE52DEB5A1506,GONGBOBYONG
2471,E96DEA51AA721506,JUCKWIDAE
2472,B32AABF1EA721506,BOCHONGSU
2473,E6AE62C620741506,P?N'GAE-2
2474,B79ACFBA047B1506,BIBANCHUNGPO
2475,A66EE3CED5701906,#command KOMMANDOPLASS
2476,D364C22DAACF2606,NANUSHKA-III
2477,AA0BE3AA7BAA2E06,NIEBIESKIE BERETY
2478,2F9ECE667CDF3406,NORRLANDSJÄGARE
2479,264FBB5593185206,OH-58C KIOWA #reco2
2480,E629D38D93185206,OH-58D KIOWA #reco3
2481,264FBB9593185206,#command BELL 206 CP
2482,DA428599E71C5206,OH-6D TOW
2483,E69DFAE0621C5E06,OT-65A VYDRA #reco1
2484,E66F4AB7BABB7106,#command OLIVER HAZARD PERRY
2485,ECECDE660CD77506,OPPKLARING #reco2
2486,F4ADA2B3A9218306,P27 Pancerovka
2487,1C34CC66EC5E8506,P4 MILAN 2
2488,B70ECF74C5598B06,PALR KONKURS
2489,B11B0ECA555D9806,M/92 PNMK
2490,A66EE3CED5589906,#command SZTAB DOWODZENIA
2491,8110AB77DE599906,MT-LB STRZA?A-10M
2492,B389AB0E73209E06,PT-76B DESANT
2493,7E7A9BBC27289E06,PT-91 TWARDY
2494,379DC326C47D9E06,PTUR KONKURS
2495,346B42E4F251A406,PzJ UAZ FAGOT
2496,4AA475E4F251A406,PzJ UAZ SPG-9
2497,66ACDE795771A406,Deprec! PZRK STRELA-2
2498,EEBCD3B78ACEA606,PANCÉ?OVNÍCI
2499,B90FE3B789CFA606,PANSARSKYTTE
2500,B37AB3B7FACFA606,PANZERGRENADIERE
2501,2A6BBEB7FACFA606,PANZERJÄGER
2502,F84DCBB7FACFA606,PzMrs HS.30
2503,B329CB7463DEA606,COMMANDOS PARA #reco2
2504,6A4DD3776EDEA606,PARATROOPERS
2505,41222CE2C9E6A606,PATGB XA-180
2506,B79ACEEEDAE6A606,PATHFINDERS #reco2
2507,CBADEA26FBCFAE06,Deprec! PINZGAUER
2508,B1999B0C9DD3B706,PETIT BATO
2509,82209CEC9BD7BB06,PVTPJGB RBS-56
2510,668BCE26B64CC606,Q-5D
2511,B3D9A2B3894DC606,Q-5IA
2512,EC6CB6E86C62C606,Q-5I
2513,75ADDFD161740C07,Pvgrp RBS 56
2514,75ADDF5180740C07,Lvgrp RBS 70
2515,A66EE3CED52C0E07,#command FÜHRUNGSTRUPP
2516,57410C5F472E0E07,Fla-SFL 23/4M
2517,192708C255350F07,K111 #reco2
2518,781C9B50A02C1007,FALLSCHIRMJÄGER '90
2519,E6ED1186D42C1007,TrTrsp CH-53G
2520,A66EE3CED52C1007,#command FÜHRUNGSGRUPPE
2521,2D8AC7B1092D1007,FALLSCHIRMJÄGER
2522,D2A7DEACEB2D1007,PAH-2 TIGER #reco3
2523,74AEC22617201707,RM-70
2524,743A9BB24C371707,ROYAL MARINES
2525,6ABCBA9C91541907,SOCHONG-SU '85
2526,B37B9B57A0541907,HAEBYUNG '90
2527,2A03A366CC541907,TEUKJEONSA #reco2
2528,A66EE3CED5541907,#command BONBU
2529,B319AB322D551907,YEBIGUN
2530,465080D052551907,KAFV 40/50
2531,B83ABBB779551907,HAEBYUNG
2532,B179E7B87B551907,HYU-SAM MISTRAL
2533,AAACC6ABCB551907,SOCHONG-SU
2534,F8ADD6B5D9551907,GONGBYUNG
2535,B7CACE6EDE551907,HYU-SAM STINGER
2536,CBD241B7EAD62607,TRACKED RAPIER FSA
2537,2D8AABFBADE22A07,RESERVESCHÜTZEN
2538,6A8EBBFBADE22A07,RESERVISTES
2539,B27C04C2ADEE3407,LARO 106mm RR
2540,24B668CDADEE3407,#command ROVER CP
2541,D8624DD7ADEE3407,ROVER MILAN
2542,01D231DCADEE3407,ROVER RBS-70
2543,81D231DCADEE3407,ROVER RBS-90
2544,0B7365E1ADEE3407,ROVER WOMBAT
2545,A6AC6B4C40104B07,#command PUMA 330B PC
2546,386E365240104B07,PUMA 330H CASSIOPEE
2547,E6ED6A5240104B07,PUMA 330H PIRATE
2548,A6AC6B5240104B07,PUMA 330H
2549,A6AC6B5640104B07,PUMA 330L LOGISTIQUE
2550,79AC369050104B07,GAZELLE 341F CELTIC
2551,EA6F469050104B07,GAZELLE 341F CANON #reco1
2552,EA6F469750104B07,GAZELLE 342M HOT
2553,529350D250104B07,SA.342 HOT
2554,A664AA1D131C5207,SH-60B SEA HAWK
2555,A664AA1D141C5207,SH-60B ASM
2556,56A669CBE0655507,SKOT-2AP
2557,335D0D5A50845A07,SPW 40P2 KONKURS
2558,DE72E93E151C5F07,Deprec! ROKU-MARU Jyu-MAT
2559,A66EE3CED53C6107,#command STABSGRUPP
2560,347B9B68600C6207,SX250 Cargo
2561,904150B7739A6607,J 35F DRAKEN
2562,944150B7739A6607,J 35J DRAKEN
2563,B30A9BB7739A6607,J 35D DRAKEN
2564,44472D2E789A6607,AJS 37 VIGGEN
2565,08B1502E789A6607,JA 37 VIGGEN
2566,B3CAB22E789A6607,AJ 37 VIGGEN
2567,24B6CC6E6AC66607,SONDERWAGEN III #reco1
2568,8132AB7FAEB76807,MOT.-SCHÜTZEN '90
2569,AE35D36E7DD36807,SCORPION LIGHT TANK
2570,C302DDB729996A07,SEA HARRIER FA.2
2571,B7EADEB729996A07,SEA HARRIER FRS.1
2572,D7C269C1205C6D07,ShM vz.85 PRAM-S
2573,4CC2CEA63FAB6D07,J-8IIB
2574,4DC2CEA63FAB6D07,J-8C
2575,6A1C2FB999C67407,SoldatAlle
2576,AAD57DB999C67407,SoldatUSLe
2577,B4D57DB999C67407,SoldatUSLo
2578,FE3CABB27AEF7407,#command SOVREMENNIY
2579,8A3BC7A68BAA7507,SPECIÁLNÍ JEDNOTKY '90 #reco2
2580,2CBDDF6AFAAA7507,SPEJDERVOGN M/95  #reco2
2581,5CF49B339EAB7507,SPETSNAZ GRU #reco2
2582,17F89B339EAB7507,SPETSNAZ VMF #reco2
2583,FFAD578320FC7507,SPz 11-2 KURZ #reco1
2584,8470B2397E9A7907,#command STABSTGB 1313
2585,E6ED1DC7709B7907,STAR 266
2586,B0A9DE397E9B7907,Starstreak
2587,E025DDAA7CD37907,STORMER HVM
2588,81C2CEAE7CD37907,STORMINGENIOR '90
2589,B3CACEAE7CD37907,STORMINGENIOR
2590,EF4CBBB57CD37907,STORMPIONJÄRER
2591,C2101067EDDE7907,#command STRIPBV 3021
2592,74E5A3B1FADF7907,PIECHOTA ZMECH.
2593,EE4CBBB57CEB7907,DECKUNGSGRUPPE
2594,B79AE72E340C7A07,Su-22M4 Seria 30
2595,B78ACE2A540C7A07,Su-24
2596,CBADE6B90B217A07,Su-7BM
2597,D7D3CD6AFED47A07,SUPER ETENDARD
2598,E9ACE6CFADD67A07,SUPER ETENDARD SEM
2599,9A29EBDAADD67A07,SUPER PUMA PLAN
2600,6EAC4A7E5CD77A07,Supply Helicopter
2601,EEAD5EC3B5188607,T-55AM2 MERIDA
2602,A97BABD7B5188607,T-55AM MERIDA
2603,03A208F7490F8707,T-62 obr 1975
2604,06A208F7490F8707,T-62M1
2605,5DC77DA0C0148707,T-64BV1
2606,E67CAB297D0D8807,T-72M2 MODERNA
2607,6E6EDE3A23749907,TOS-1 BURATINO
2608,D314EBF96CDEA607,TARANTUL-III
2609,A67BD3B97BDFAA07,TERRITORIALS
2610,1CE42C927AB3AE07,TIGRE HAD
2611,1CA42D927AB3AE07,TIGRE HAP
2612,C320CC748BC2B407,TOKCHON 122mm
2613,0121CC748BC2B407,TOKCHON 130mm
2614,8321CC748BC2B407,TOKCHON 152mm
2615,A0B3D0A939DFB407,TORNADO F.2
2616,9D33D1A939DFB407,TORNADO GR.1
2617,6AED7B664EFBB407,CHUGATA CARGO
2618,D385B7A80EFDB507,TPz FUCHS MILAN
2619,B5C9A52A8C9AB707,TRACKED RAPIER
2620,6EAC4A353E9BB707,Transport Helicopter
2621,39EDD31E8CEAB707,CHUGATA
2622,9C09E3B3CECEBA07,Fla-SFL 2S6
2623,A96E0946A0D6BE07,#command LUDA
2624,94271146A0D6BE07,#command JIANGHU-III
2625,B63E2647A0D6BE07,YUQING
2626,AC7B43C2A0D6BE07,#command TYPE 21
2627,52D30884A1D6BE07,ZSD-63C
2628,93D44C8AA1D6BE07,ZTZ-59-I
2629,93D444C3A1D6BE07,ZTQ-62G  #reco2
2630,93D44CC3A1D6BE07,ZTQ-62-I  #reco1
2631,B3D976C3A1D6BE07,SHANGHAI
2632,02612CC4A1D6BE07,ZSD-63A
2633,93D44CC4A1D6BE07,ZTS-63-I
2634,52334DC4A1D6BE07,ZTS-63-II
2635,91C609CAA1D6BE07,Type 69-I
2636,91C611CAA1D6BE07,Type 69-III
2637,CD324DCAA1D6BE07,Deprec! ZTZ-69-IIA
2638,54A32D04A2D6BE07,NANA-SAN SHIKI
2639,DA422D05A2D6BE07,NANA-YON SHIKI A
2640,B3893105A2D6BE07,NANA-YON SHIKI C
2641,B3893D05A2D6BE07,NANA-YON SHIKI E
2642,B2194305A2D6BE07,Type 74
2643,AE594505A2D6BE07,NANA-YON SHIKI G
2644,B2110806A2D6BE07,BJ212 PWL78
2645,4D424906A2D6BE07,BJ212 HJ-8
2646,1D675D06A2D6BE07,75 MSSR
2647,52334D41A2D6BE07,Deprec! ZTZ-80-II
2648,CBA27541A2D6BE07,PGZ-80
2649,1D675D43A2D6BE07,PHL-63
2650,CD324D46A2D6BE07,ZTZ-85-IIA
2651,52334D46A2D6BE07,ZTZ-85-II
2652,CD344D46A2D6BE07,ZTZ-85-III
2653,1D675D46A2D6BE07,PHZ-70
2654,34AE7746A2D6BE07,TYPE 85 SUSONG-PO
2655,F9AC4748A2D6BE07,GUNTANK
2656,B2EE5781A2D6BE07,KYU-MARU SHIKI
2657,42172DCA5190CB07,UAZ-469 PLAMYA #reco3
2658,C6BF2FCA5190CB07,UAZ-469A vz.59 #reco2
2659,396C42CA5190CB07,UAZ-469 FAKTORIYA
2660,F04C57CA5190CB07,UAZ-469 KONKURS
2661,4AA475CA5190CB07,UAZ-469 SPG-9
2662,0B25085DC708D207,CH-118 SS-11
2663,92BF9BAAD408D207,UH-1C HEAVY HOG
2664,D8E2ABBA2409D207,UH-1H HUEY
2665,6E8BCF7A7409D207,CH-118 GUNSHIP
2666,BA34BBBC8709D207,UH-1N TWIN HUEY
2667,306AC6CC121CD207,UH-60A BLACKHAWK
2668,6EECE23A6424D507,FUSILIERS '90
2669,D4ACAA776424D507,Deprec! GREEN JACKET '85 #reco2
2670,660BDF7A6424D507,GURKHAS '90
2671,776EDEA66624D507,PARATROOPERS '90
2672,B24C37176724D507,ROYAL MARINES '90
2673,A9A9DBB87335D507,#command HQ SECTION
2674,6A6D7646D275DC07,SAPERY '85
2675,F34D4781D275DC07,GORNOSTRELKI '90
2676,F84D5F81D275DC07,MORSKAYA PEKHOTA '90
2677,BA8D3B57D375DC07,#command KOMANDNOE OTDELENIE
2678,383DDF74D475DC07,GORNOSTRELKI
2679,9760C6ECD475DC07,PZRK IGLA-N
2680,B70ECF74D575DC07,PTUR KONKURS-M
2681,EAECDEE66524DD07,US MARINES '90
2682,B21AAF2E6724DD07,RIFLEMEN '90
2683,F1EA72B91528DD07,LIGHT RIFLEMEN '90
2684,A9A9DBB87335DD07,#command TACOM
2685,EC6D362C2DBBF307,UNIMOG CARGO
2686,26EA1808119BF707,URAL-375D Cargo
2687,39EEB6B57A310B08,VAB MEPHISTO
2688,1CE44DDDC2310B08,VAB RASIT  #reco3
2689,B179E7B87B590C08,VBL MISTRAL #reco2
2690,E69DE3EEB5701608,VLRA MISTRAL
2691,353E9BB7B7701608,VLRA
2692,723008C440781E08,VTT-323 120mm
2693,B23C24C440781E08,VTT-323 82mm
2694,7E6C5EC440781E08,VTT-323 SUSONG-PO
2695,EA9D77C440781E08,VTT-323 HWASUNG-CHONG
2696,1A67E1B70AA32E08,VICKERS Mk.11
2697,45401016BDC73408,L3304 #reco2
2698,887E9B706AE23E08,SPECIÁLNÍ JEDNOTKY #reco2
2699,8A7E9B706AE23E08,VÝSADKÁ?I '90
2700,B3299BB1D97D4408,W-3U SALAMANDRA #reco2
2701,5293505211186408,ZDF-89
2702,93D404CAE8296408,Z-9A TY-90
2703,AAECB2EADDA26608,WACHREGIMENT
2704,61E609B18AAB6E08,WIESEL 1 TOW-2
2705,C1505DB18AAB6E08,WIESEL 1 MK20
2706,8D3ABBB7BAC77408,WOLVERINE
2707,A05665D891088B08,#command XA-186NO KPV
2708,5DC77D4221C0E608,YAK-141
2709,A87EE70121581309,ZIL-130
2710,93D44C9392381D09,ZSD-90
2711,EB325C05317C1D09,ZSU-23-4 AFGANSKIY
2712,B7CB5C05317C1D09,ZSU-23-4MZ BIRYUSA
2713,6D278005317C1D09,ZSU-23-4V1 SHILKA
2714,03724D576CDEB709,M48A1 CHAPARRAL
2715,E96CCA6A1C2FB909,SoldatAlle
2716,B55BF374CCCC260A,BLOWPIPE
2717,B31BABBB49CD260A,JAVELIN G/L
2718,DEB0088670CD260A,M151A2 TOW
2719,EC6D360671CD260A,M35 CARGO
2720,A87E7B0671CD260A,M35
2721,953318F095CF2A0A,CENTURION Mk5/2-DK
2722,335D0D97C3313F0A,BRDM-2 KONKURS
2723,77DE0D97C3313F0A,PLRK S-1M2
2724,EA9D778CE55D3F0A,PLRK S-10M
2725,4D99C7BA89E34B0A,Description not available
2726,5C99C7BA89E34B0A,Assault rifles are the most widely issued and are the Jack of all Trades weapons of modern armies. They have a medium rate of fire
2727,74AE2F657ED3570A,Description not available
2728,74AE2F656AEA5B0A,Quick-firing guns of small caliber (usually 20mm to 30mm)
2729,74AE2FE5ECF25E0A,Quick-firing guns of small caliber (usually 20mm to 30mm)
2730,9937058670CD660A,M/113A1 TOW 2
2731,61E6058670CD660A,M/113A1 TOW
2732,B95BEB9473CD660A,MD JUPITER
2733,347B9BA873CD660A,FORSYNINGS JUPITER
2734,81005FB36BE6AB0A,CHIEFTAIN Mk.10
2735,82005FB36BE6AB0A,CHIEFTAIN Mk.11
2736,A05691CBF743310C,AufklFz UAZ KPV #reco1
2737,2AAB5ADD979B690C,ldatUSLege
2738,3A6DA5B329AB710C,SoldatAlle
2739,281D338700DDF40C,F-16A BLOCK 15
2740,4720108270DDF40C,NM113 RFK
2741,9EB0108270DDF40C,NM113 RAKPV
2742,4A205CD2AFDDF40C,NM109
2743,0B1709C3C5C4740D,BM-21 GRAD
2744,74355C0EC7C4740D,BRDM-2 KONKURS
2745,8C7214E4F2C5740D,#command WD-43
2746,A75E0D423598E90D,Fla-Kom KUB-M
2747,0642C4E6FD99E90D,LKV URAL
2748,9D33CD37ED99EB0D,TORNADO IDS
2749,0F072E33EDDE7A0E,CENTURION AVRE
2750,82005F33EDDE7A0E,CENTURION Mk.11
2751,82015F33EDDE7A0E,CENTURION MK5/1
2752,83015F33EDDE7A0E,CENTURION 84mm
2753,5827488B1AC7EA0F,GAZELLE AH.1 SNEB #reco3
2754,0000000000000080,A-MTSR12oEerPIa0cNOLK3HG5mBnCDiFU#467Vld98tupkWZs.yhgJYvfwb/z'
